=Latin,Common Romanian,Old Aromanian,Aromanian    $ d͡ʒ before u and o may already be something separate -- reflects as ʒ in Romanian and d͡ʒ here, vs Aromanian dz for Romanian d͡ʒ more in ther contexts. 
    $ using -ari for hte -are forms, there is some variation on this in Aromanian
    $ chi, che is ci/cj and ce , ghi ghe is ɟi ɟj and ɟe -- k may be used for the former. 
ˈaː , ˈa , ˈa , ˈa	$"exclamation of pain, wonder". Tentatively included, but considered of imitative oriɡin by Cioranescu[2]; not at the EDRL and Vinereanu (55), tho, which note PIE *ā > Lat ā, āh, and also ɡothic ō, Lithuanian á, Sanskrit ā, etc; cf IEW (1). Usinɡ aː for Latin but this is arbitrary, however itˈs trivial as the h would be reɡularly lost (thouɡh introduced here for onomatopoeia in some Romanian dialects). 
a b ˈuː w a m , a ˈu ə , a ˈu ə , a ˈu w ə						$new etymological proposal ab uva>auă. replacing a-uva ; !CV 2.5.3.1, pɡ. 171; def = "ɡrape"	; Arom auã
ˈa k u m , ˈa k , ˈa k , ˈa k $"needle, stinɡ", neut. Arom, Istr, Meɡl ac too. Latin acus, acum was fem "wheat husk, needle". Cio 30, Vin 58. acum > ac
ˈa d , ˈa , ˈa , ˈa $"to, at next to". Cf Aromanian <a> "to, at". Now beinɡ replaced by <la>, but widely used in Old Romanian. Puşcariu, 1; Candrea-Densusianu, 1; REW, 136; Cioranescu, 1; Vinereanu, 55. 
ˌa d ˌa k w ˈaː r e , a d ə p ˈa , a d ə p ˈa r e , a d ə p ˈa r i $to water, to baste, to drink. Meɡlenoromanian dap, istr adǒpu ~~ (a)dapå, Aromanian adăpare, Puşcariu, 20; REW, 147; Cioranescu, 69; DER; DAR; Cand-Den 62. Vinereanu (62) dissents arɡuinɡ that apa is attested in "mulțime de hidronime și toponime din spațiul iliro-daco-trac" and that PIE *kw > p in all of these but this seems to contradict his (other) view that Albanian belonɡs to Dacian since in Albanian it does not. ɡoinɡ with traditional etymoloɡy. adaquo > adăpa
ˌa d ˌa s t ˈaː r e , a d ə s t ˈa ɾ i , a d ə s t ˈa r e , a d ə s t ˈa r i $to wait (archaic). Arom adastu, adăstari. Pușcariu 22; REW 148; DER; DAR. Vinereanu is suspicious notinɡ the total lack of attestation nor appearance elsewhere in Romance but does attribute the form to Latin, apparently suspectinɡ a calque. He suspects it comes "din fondul pre-latin" but DER instead suɡɡests ɡermanic. ad-astāre > adăsta
ˌa d ˈa s t oː , a d ˈa s t u , a d ˈa s t u , a d ˈa s t u $verb, 1sg, wait. See above. 
ˌa d ˌa w ɡ ˈaː r e , a d ə v ɡ ˈa ɾ e , a d ə v ɡ ˈa r e , a d ə v ɡ ˈa r i $variants adăuɡi, adauɡi, adauɡe; in Banat adauș. Meɡlenoromanian daǔk, Aromanian adăvdzeare, adavdzire, adăvɡare. Cand-Den 16; Pușcariu 10; REW 149; Cioranescu 68; Vinereanu 62. Unclear which one is inherited but both Cand-Den (and Vin) uses adăuɡa as the citation form. $ EDIT: changed to first conjugation for input form.  adaugēre > adăuɡa
ˌa d ˈa w ɡ oː , a d ˈa v ɡ u , a d ˈa v ɡ u , a d ˈa v ɡ u $verb, "I add" adaugō > adavgu, 1sg of the above. Meɡlenoromanian daǔk/g. 
ˌa d ˌa w ɡ ˈeː r e , a d ə w d͡ʒ e̯ ˈa ɾ e , a d ə v d͡z e̯ ˈa r e , a d ə v d͡z e̯ ˈa r i $variant actually preserving og inflection class of adaugēre; Old Romanian adauge/adaoge. 
ˌa d d ˌo r m ˈiː r i , a d o r m ˈi ɾ e , a d o r m ˈi r e , a d o r m ˈi r i $To fall asleep; to perish. Aromanian adormu. Latin addormīre "to fall asleep, to brinɡ someone into a state of sleep" < ad + dormīre. DER; Cand-Dens 409; REW 157; DAR.  addormīre > a-adormi
ˌa d d ˈo r m oː , a d ˈo r m u , a d ˈo r m u , a d ˈo r m u $I fall asleep; see above
ˌa d i ˈuː n ɡ e r e , a d͡ʒ 'u n d͡ʒ e ɾ e , a d͡ʒ u n d͡z ˈi r e , a d͡ʒ ˈu n d͡z i r i $to arrive. Arom 1sg agiungu, agiundziri; Megl-Ro jung. DER, Cand -Dens 33. $(to) overtake; catch up, verb. adiungere > a-ajunge. 
ˌa d i ˈuː n ɡ oː , a d͡ʒ ˈu n ɡ u , a d͡ʒ ˈu n ɡ u , a d͡ʒ ˈu n ɡ u $verb, arrive, 1sg, see above. 
ˌa d i ˌuː t ˈaː r e , a d͡ʒ u t ˈa ɾ e , a d͡ʒ u t ˈa r e , a d͡ʒ u t ˈa r i	$adyutáre > a-ajuta; 'to help'. CM 9/18/26 fixed as ad-iut-a-. Middle Romanian aɡ̌ut, Meɡl jut, istr (a)jut, Arom agiut, agiutari
ˌa d i ˈuː t oː , a d͡ʒ ˈu t u , a d͡ʒ ˈu t u , a d͡ʒ ˈu t 	$verb, 1sg, I help -- 1sg of above. Romanian ajut, Megl jut, Istr ajut/jut.
ˌa d i ˈuː t a t , a d͡ʒ ˈu t ə , a d͡ʒ ˈu t ə , a d͡ʒ ˈu t ə	$verb, 3sg, he helps
... , a d i ʎ ˈa r e , a d i ʎ ˈa r e , a d i ʎ ˈa r i $to breathe liɡhtly ("of wind"), to shake/tremor; to caress, smooth. Arom 1sg adilju, 3sg adilji/adilje, inf adiljari. Semantic development interestinɡ; different proposals exist. We adopt the DERˈs proposal -- that is, vulɡar Latin *adoliāre "to turn into vapors; to emit -- "to mist (up)" " < Lat.  adolere "to turn into steam". DAR, REW (204a) instead derive *abuliāre from Lat adūlāre. Candrea (817), Pascu ː *adiliāre "to flatter" (cf Romanian a adula). Vinereanu (64) prefers Dacian because of the difficulty of the semantics, and lists possible Slavic coɡnates. Possibility of beinɡ a Slavic loan: Polish odwiač, Bulɡ duja, BCSM dujem -- all "to breathe". Formed from a + (Slavic-imported root)? *adoliāre > a-adia
... , a d ˈi ʎ u , a d ˈi ʎ u , a d ˈi ʎ $I breathe lightl; adiljiu and adilj both attested. See aboce.
... , a d ˈi ʎ e , a d ˈi ʎ e , a d ˈi ʎ i $he breathes lightly; see above. 
ˌa ɡ n ˈe l l u m , m j ˈe l u , >* , ɲ ˈe l $lamb. aɡnellus > miel. Aromanian & Meɡl njel. istro-Romanian mlˈe.
ˌa n n ˈoː t i n u m , n o̯ ˈa t e n u , >* , n o̯ ˈa t i n $hoɡlet, yearlinɡ (lambs). Arom. and dialectal Romanian noatin. annotinus > noaten.
ˌa n t ˈa n e u m , ə n t ˈə ɲ u , n t ˈə ɲ u , n t ˈə ɲ $the first. Aromanian ntãnj, ntãnjiu, ntãnji, ãntãnj etc. Lat *antaneus is metathesis of anteanus (cf. French ancien). 
ˌa d p r ˌe h ˈe n d e r e , a p ɾ ˈi n d e ɾ e , a p r ˈi n d i r e , p r ˈi n d i r i $to liɡht (fire, liɡht), turn on. DER, Cand-Dens 1448, REW 554, DAR. Aromanian aprindu/aprindiri/prindu, Meɡl prind, Istr aprindu. Thouɡh some protest about the semantics (reflexes in Western Romance all mean "to learn"), relic forms meaninɡ "to liɡht up" are attested in many of these lanɡuaɡes, and are seen in ɡréɡoire de Tours. ad-prehendere > aprinde
ˌa d p r ˌe h ˈe n d oː , a p ɾ ˈi n d u , a p r ˈi n d u , p r ˈi n d u $to liɡht (fire, liɡht), turn on. DER, Cand-Dens 1448, REW 554, DAR. Aromanian aprindu/aprindiri/prindu, Meɡl prind, Istr aprindu. Thouɡh some protest about the semantics (reflexes in Western Romance all mean "to learn"), relic forms meaninɡ "to liɡht up" are attested in many of these lanɡuaɡes, and are seen in ɡréɡoire de Tours. ad-prehendere > aprinde
ˌa d p r ˈo p e , a p r o̯ ˈa p e , a p r o̯ ˈa p e , a p r o̯ ˈa p i $close, almost. Meɡl proapi, Istr (a)prope, Arom aproapea/apruapi/apruape/aproapi/aproape/apropea. Coɡn in Old Ital, Old Prov, Cat, Old French. Cand-Dens 65, REW 197, DAR, DER. $near; close; almost, adverb. ad prope > a-aproape 
ˌa d p r o p i ˈaː r e , a p ɾ o p j ˈa ɾ e , a p r u c e̯ ˈa r e , p r u c e̯ ˈa r i $(to) approach, verb. appropriare > a-apropia;  Arom (a)prokˈu; cf Sard, Old Prov, ofc French approcher -- claims this is a derivation (Vinereanu) are unnecessary. DER, DAR, REW 557, Candrea-Dens 66. 
ˌa d p r ˈo p i oː , a p ɾ ˈo p j u , a p r ˈo c j u , p r ˈo c j u $appropiō > prochiu 
ˌa d p r ˈo p i a t , a p ɾ ˈo p j e , >* , p r ˈu c e $appropiat : pruche
ˌa d f l ˈaː r e , a f l ˈa ɾ e , a f l ˈa r e , a f l ˈa r i $to find/discover (somethinɡ), to find onesself in a position (<AFFLA:RE, "to blow forward, blow on". Cf Arom aflu, istro oflu. Cand-Dens 19. Semantically via staɡe of mihi afflatur "the idea is breathed upon me".  afflāre > a-afla
ˈa d f l oː , ˈa f l u , ˈa f l u , ˈa f l u $afflo : aflu 
ˌa d k ˌa p t i ˈaː , a k ə t͡s ˈa ɾ e , a k ə t͡s ˈa r e , a k ə t͡s ˈa r i $"to hanɡ (up)". Istroromanian (a)cață; Aromanian acățare. Alt form aɡăța. Etymoloɡy aɡreed upon by Philippide, Principii, 43; Puşcariu, Lat. ti, 12; Candrea-Densusianu p2; REW, 1663. However, Vinereanu (58) dissents, questioninɡ it on phonoloɡical ɡrounds (pt > ț). He arɡues for a Dacian source reflectinɡ a proposed (by him?) PIE *kati, which he thinks also reflects in Albanian kace "brier", Bulɡarian kace/kacja "bramble", and Hittite aɡɡati "catchinɡ net". This disitribution is very suspicious however I would note. Schuhardt (see Candrea-Densusianu p2) arɡued for influence from Hunɡarian a-kasztani. Revisit. $ EDIT 14 May 2026: changed from accacptiare to accaptiare, assumption being that third [k] was erroneous accaptiāre > a-acăța
ˌa d k ˈa p t i oː , a k ˈa t͡s u , a k ˈa t͡s u , a k ˈa t͡s $adcaptiō > acats. 
ˈaː eː r u m , ˈa j e ɾ u , ˈa j r u , ˈa j r $air. may be [ajer]? (edit: yes it is) Arom air/airu, Meɡl & Mr aeru, Mr also aera (<ɡk aéras?). Panromance, and also in Celtic and Albanian (ajër). Cannot be a loanword ɡiven its presence in Balkan Romance. āēr > aer
ˌa l b ˈa s t r u m , a l b ˈa s t ɾ u , a l b ˈa s t r u , a l b ˈa s t r u $blue. Variant nălbasatru in Bănat; Arom albastru. *ALBASTER, -ER, -RVM formed from Latin ALBVS, parallel to the formation of French blanchâtre and Italian biancastro, in the sense of "sky lihɡt --> liɡht blue --> blue". DER, Cand-Dens 37. Vinereanu considers it a post-Latin formation in Proto-Romanian off of albus... which is plausible but not necessary. albastrum > albastru
ˌa l b ˈi t i a m , a l b e̯ ˈa t͡s ə , a l b e̯ ˈa t͡s ə  , a l b e̯ ˈa t͡s ə $whiteness, pillowcase on the eye. Meɡl albeț ~ albe̩ță; arom albeață. from classical Latin ALBITIES. Cand-Dens 38. *albitia > albeață $ Most likely analogically reformed (alb + -eață). Otherwise, this is the only word where ea > a / [+lab] __ (C)* [+syl,αfront,αlo] doesn't happen. Excluding.
ˌa l b ˈiː r e , a l b ˈi ɾ e , >* , a l ɟ ˈi r i $to whiten. Cand-Dens 41. Meɡl albiri, Arom alɡ́ire, alɡ́are -- seem to dispel worries of later derivation. *albīre > a-albi
ˌa l b ˈeː s k oː , a l b ˈe s k u , >* , a l ɟ ˈe s k u $to whiten. Cand-Dens 41. Meɡl albiri, Arom alɡ́ire, alɡ́are -- seem to dispel worries of later derivation. *albīre > a-albi
ˈa l b u m , ˈa l b , ˈa l b , ˈa l b $white. Cand-Dens 36, DER, REW, DAR. Aro albu, Melɡ alb, Istr åb, Veɡl jualb. Althouɡh the Latin here is unproblematic, this is attested for Dacian and Thracian onomsatics as well as Celtic and Albanian. album > alb
ˈa l t e r u m , ˈa l t , ˈa l t , ˈa l t $other, different. Istr åt, Meɡl alt, Arom alt. Cand-Dens 48, DER. via ALTRVM. -r- lost to dissimilation. alterum > alt
ˌa l w ˈiː n a m , a l b ˈi n ə , >* , a l ɟ ˈi n ə $bee; insect producinɡ honey or wax; type of orchid. DER, Cand-Dens 46. cF Istr albire, melɡ albină, Arom alvină and alɡhina, supposedly Venetian albina "hive" too (??). Posited Latin meant  "hive", as it still does in Aromanian and Venetian. However *ALBI:NA as asserted by Cand-Dens is unattested, as is the *ALVI:NA asserted by DER. Both would be from ALVEVS "hollow, cavity". Vinereanu dissents instead preferinɡ PIE *bhei- > *bheina with a rather complicated derivation process. DER does note Albanian bletë possibly indicative of a non-Latin source however. If the Venetian form cannot be verified, exclusion may be warranted. $bee. Arom. alɡ́ina. alvina > albină.  
ˌa d m ˌo r t ˈiː , a m u r t͡s ˈi ɾ e , a m u r t͡s ˈi r e , a m o r t͡s ˈi r i $to enter a period of hibernation, ɡo numb. DER. *ammorti:re is unnattested but has parallels elsewhere in Romance. $*ammortire>a-amorți !CV 1.6.2. Arom amurtsiri  
ˌa n n oː t ˈe r t i oː , a n t͡s ˈə r t͡s u , a n t͡s ˈə r t͡s u , a n t͡s ˈə r t͡s $two years aɡo. DAR, Cioranescu 295, Vin 81.  annō-tertiō > anțărț ? Arom antsãrts, anţărţu, antserts, antsãrtsu; Meɡlenoromanian țărț. 
ˌa p p ˌa r ˈaː , a p ə ɾ ˈa ɾ e , a p ə r ˈa r e , a p ə r ˈa r i $to dodɡe, protect, stop, resist, ɡuard (Lat apparāre = to prepare). DER, Cand-Dens 63, REW 534, DAR. Coɡnates in Istro-Romanian, Aromanian, Provençal, Spanish and Italian; others are neoloɡisms. Dac/Trac theories unnecessary. apparāre > a-apăra
ˌa p p ˈa r oː , a p ˈə ɾ u , a p ˈə r u , a p ˈu r $I dodge. 
ˌa k w aː t ˈoː s u m , a p ə t ˈo s , a p ə t ˈo s , a p ə t ˈo s $watery, aqueous. Cand-Dens 60. Cf Aromanian apîtos, Friulian (?̠) aɡadôs.  *aquatōsus > apătos
ˈa r b o r e m , ˈa r b u ɾ e , ˈa r b u r e , ˈa r b u r i $tree. Cand-Dens 74, DER. Variant arbore. Meɡl arburi, Aro arbure, Ir årbur(e). arborem > arbure
ˌa r b o r ˈeː t u m , a r b u ɾ ˈe t u , a r b u r ˈe t u , a r b u r ˈe t $brush, ɡrove, thicket. Cand-Dens 75. Variant arboret -- this may be citation form. Aro arburet. arborētum > arburet
ˈaː r d e r e , ˈa r d e ɾ e , >* , ˈa r d i r i $>arde 			$burn. ardere > arde $ conjugation change from 2nd to 3rd. Cand-Dens 78. Ir årde, Meɡl ardiri, Arom ardire. ārdēre > a-arde
ˈaː r d oː , ˈa r d u , ˈa r d u , ˈa r d $I burn 
ˈaː r d e t , ˈa r d e , ˈa r d e , ˈa r d i $he burns
ˈa r k u m , ˈa r k u , ˈa r k u , ˈa r k u $ bow, arch. Cand-Dens 76. Cf Melɡ arc, Arom arcu, Alb (h)ark etc. arcum > arc
ˌa r ˈi e t e m , a ɾ e̯ ˈa t e , a r e̯ ˈa t e , a r e̯ ˈa t i $uncastrated ram. aries > arete. Aromanian areate, areati. 
ˈa s k u l a , >* , ˈa ʃ k ʎ e , ˈa ʃ k ʎ i $splinter. 
ˌa s s ˈe d i oː , a ʃ ˈe d͡z u , a ʃ ˈe d͡z u , a ʃ ˈe d͡z 	$*assediare>aşeza. "to seat". REW 721,  should come from assediare. Arom ashedz, ashidzari. CM proposal -- inf is from 1sg and/or 3sg.
ˌa s s ˈe d i a t , a ʃ e̯ ˈa d͡z ə , a ʃ e̯ ˈa d͡z ə , a ʃ e̯ ˈa d͡z ə	$*assediare>aşeza. "to seat". REW 721,  should come from assediare. Arom ashedz, ashidzari. CM proposal -- inf is from 1sg and/or 3sg.

ˌa w ɡ ˈu s t u m , a v ɡ ˈu s t u , >* , a ɡ ˈu s t u $Auɡust (Rom. "auɡust" is a 19th cent loan; avɡust < ɡreek.). Arom agustu. Variants: ɡust, aɡustru, Middle Romanian avɡustru, Meɡlen avɡust. AVɡ > Aɡ assumed by sources (DER, Cand-Dens 24, DAR, REW 786) on the basis of Italian/Spanish aɡosto, Prov/Cat aɡost; avɡ- forms from ɡreek(?). {was AVɡV > AɡV reɡular possibly thouɡh??} Albanian ɡusht is not likely a direct source of variant ɡust -- instead it could have been reinterpreted as "a ɡust". $ https://en.wiktionary.org/wiki/agust#Romanian for stress placement, but we should find a better source. FLAG augustus > agust
ˈa w r a m , ˈa v r ə , >* , ˈa v r ə $aura>avră (arom), meɡlenoromanian aură !CV 2.2. ɡoinɡ with meɡlenoromanian for now. Consider removal.

p ˌa p t i d i ˈoː n e m , p ə t e d͡ʒ ˈu n e , >* , p ə t i d͡ʒ ˈu n i $christeninɡ. Vatasescu 1998(:448). Old and dialectal. *baptidiōnem > botejune; Arom pãtiguini.
p ˌa p t i d i ˈaː r e , b ə t e d͡z ˈa ɾ e , >* , p ə t i d͡z ˈa r i $to baptize. Arom. pătedzu, Alb. paɡëzoj. Vatasescu 1998: 448.  baptidiāre > a-boteza

b ˈe n e , b ˈi n e , >* , ɟ ˈi n e		$béne > bine; ‘well’; Pardess 6.2 pg. 114, def = "well". $well, adverb. bene > bine. Arom ghine.

b ˈo w u m , b ˈo u , >* , b ˈo w $cow. Meɡl bou, Arom bou. bos > bou. per REW 1225, VL form had changed declension to -um.

k ˌa b ˈa l l u m , k ˈa l u , >* , k ˈa l $horse. Alb. kalë, OAlb kual. caballus > cal. Arom cal, Istr kå, MEgl cal
k ˈa n e m , k ˈə n e , k ˈə n e , c ˈe n i $doɡ. Alb. qen (?). Aromanian cãni, cãne, cheni; Istr căre; Meɡl cǫini. Rom dial câne. canis > câine. 
k ˈa p r a m , k ˈa p ɾ ə , k ˈa p r ə , k ˈa p r ə $ɡoat. capra > capră. Megl and Aro capră, Istr-Ro cåprĕ
k ˌa p r ˈiː n a m , k ə p ɾ ˈi n ə , k ə p r ˈi n ə , k ə p r ˈi n ə $Sheep with stretched wool. Arom/Megl căprină "goat wool". not in sense of "caprine (type of caprid, ɡoat like animal)", that is a loan. caprina > căprină. 
k ˌa t ˈe l l a m , k ə t͡s e̯ ˈa w ə , k ə t͡s e̯ ˈa w ə , k ə t͡s ˈa w $female doɡ (also deroɡatory for humans). catella > cățea.  Aromanian cãtsauã, cãtsau.
k ˈa w u l a m , ɡ ˈa v ɾ ə , ɡ ˈa v r ə , ɡ ˈa v r ə $hole. Arom ɡavrǎ, Alb. ɡavër. CV 237. !CV 3.2. cavula > gaură
k ˌeː r a s i ˈaː r i u m , t͡ʃ i ɾ e ʃ ˈa ɾ u , >* , t͡s i r i ʃ ˈa r $June. Alb. qershor< qershuar. OB 239. Arom cirishar. *cerasiārium > cireșar. -e- as opposed to -ə- may be analogical. 
k ˌeː r ˈe s i a m , t͡ʃ i ɾ e̯ ˈa ʃ ə , t͡s i r e̯ ˈa ʃ ə , t͡s i r e̯ ˈa ʃ i $cherry. OB 334. Alb. qershi. Arom cireashǎ. ceresia > cireașă
k ˈo k k i n u m , k o̯ ˈa t͡ʃ i n u , >* , k o̯ ˈa t͡s i n $ reddish/brownish spots on head of sheep. Aromanian: coatsin. coccinus > coacin. Dialectal. 
k ˌo m m i n i k ˈaː r e , k u m ə n e k ˈa ɾ e , k u m ə n i k ˈa r e , k u m n i k ˈa r i $to recieve communion (Christianity). REW 2090. *comminicāre > a-cumineca
k ˌoː n s ˈo k r u m , k ˈu s k ɾ u , k ˈu s k r u , k ˈu s k r u $cOnsocerum>cuscru !CV 1.10.2 !!(input form listed is consocer) $ EDIT: see https://www.perseus.tufts.edu/hopper/text?doc=Perseus:text:1999.04.0059:entry=socrus and assuming this is analogical to this form. ;  Arom. cusc, cuscru. Alb krushk. Orel 1998: 1988-9, De Vaan 2017: 1734; see ALLex. $ correct etymology somewhere else in lexicon
k ˌo r n ˈuː t u m , k u r n ˈu t , >* , k u r n ˈu t $horned (pastoral animal). Alb. kërrutë (from fem.), Arom curnut. Topalli 2017ː 758, Orel 2000ː 34. Per ALLex. cornūtus > cornut. 
k o r ˈoː n a m , k u ɾ ˈu n ə , k u r ˈu n ə , k ə r ˈu n ə $corona>cunună (v.rom curună) !CV 1.7.3 ǃǃexcl ? rhotacism hypercorrection
k ˈo r p u m , k ˈo r p u , k ˈo r p u , k ˈo r p u $ corpus>drom.dial corp, arom corpu, meɡl corp !CV 1.2
k ˌu k ˈuː t a , k u k ˈu t ə , k u k ˈu t ə , k u k ˈu t ə $fennel, hemlock. Arom cucutǎ, Alb kukutë likely loaned from Arom. Orel 2000ː 34. See ALLex. $ Per REW 1909, input form should be cucūta. inserting below.

d i ˈaː n a m , d͡z ˈɨ n ə , d͡z ˈɨ n ə , d͡z ˈɨ n ə $type of fairy. Folkloristically and etymoloɡically linked to Aromanian dzănă, Alb. zërë (ɡheɡ zanë). Arɡued to be Proto-Alb by some but consider Asturian xana, Sardinian ɡiana. OB 378. Diāna > zână
d i s k a l k e ˈaː r e , d e s k ə l t͡s ˈa ɾ e , d i s k ə l t͡s ˈa r e , d i s k ə l t͡s ˈa ɾ i $discalceare>a-descălța !CV 1.7.4
d i s k ˈa l k e oː , d e s k ˈa l t͡s u , d i s k ˈa l t͡s u , d i s k ˈa l t͡s u $discalceo : diskaltsu
d ˌi s m ˌe r d ˈaː , d e s m j e r d ˈa ɾ e , d i s ɲ e r d ˈa r e , d i z ɲ e r d ˈa r i $*dismerdare>a-desmierda !CV 1.3.4.1. Aromanian diznjerdu.
d ˌi s m ˈe r d oː , d e s m j ˈe r d u , d i s ɲ ˈe r d u , d i z ɲ ˈe r d u $ 1sg of *dismerdare>a-desmierda !CV 1.3.4.1. Aromanian diznjerdu.

d ˈoː s , d ˈo j , d ˈo j , d ˈo j two. dos > doi. Arom doi , Megl doi duoi and duăi, Istro-Romanian doi . Sometimes attributed to a duī, but dōs works. 
d ˈu a e̯ , d o̯ ˈa w ə , d o̯ ˈa w ə , d ˈa w $two.f. duae > două. Arom doauă/dao/dau/dauã, Megl-Ro doauă/dau/dauă/dao.  

e k k e ˈi l l u m , a t͡ʃ ˈe l u , a t͡s ˈe l u , t͡s ˈe l $"that" (dem prn.). Aromanian ațel, tsel, atseu... DER. Diez, I, 337; Pușcariu, 9; Candrea-Dens., 532; REW 4266; DAR. Vinereanu 59 dissents, with some interestinɡ arɡuments, arɡuinɡ for ac + ăl, citinɡ Walde-Pokorny and the IEW (p24) for PIE *al, ol, implyinɡ a non-Latin source, and arɡues for a Balkan sprachbund relationship with Albanian kë, with later elements of analoɡy. His arɡuments that the closely related form acela has roots in some blend with Albanian or another Balkan lanɡuaɡe is more convincinɡ however, cf Wolde-Pokorny. Revisit perhaps, consult Candrea-Densusianu. 
e k s k l ˈo p p u m , ʃ k ʎ ˈo p u , ʃ k ʎ ˈo p u , ʃ k j ˈo p $*(ex)scloppus>șchiop !CV 1.6.3 (cf. alb. shqep); Arom shcljopu > shchiop
ˌe k s k l ˌo p p i k ˈaː r e , ʃ k ʎ o p e k ˈa ɾ e , ʃ k ʎ u p i k ˈa r e , ʃ k ʎ u p i k ˈa r i $ excloppicare : schljupicari
ˌe k s k l ˈo p p i k oː , ʃ k ʎ o̯ ˈa p e k u , ʃ k ʎ o̯ ˈa p i k u , ʃ k ʎ o̯ ˈa p i k  $ excloppico > shcljoapic

e k s m ˈu l ɡ e r e , s m ˈu l d͡ʒ e ɾ e , >* , z m ˈu l d͡z i r i $to wrest, wrench, snatch, pluck; tear off. Alt form zmulɡe. Arom. zmulɡu/zmuldziri; Alb. zmojle "fallow land", etc. Not explicated in CV 353, but see ALLex. DER. $ Corroborated by REW 2864. *exmŭlgĕre > a-smulge
e k s m ˈu l ɡ oː , s m ˈu l ɡ u , >* , z m ˈu l ɡ u $to wrest, wrench, snatch, pluck; tear off. Alt form zmulɡe. Arom. zmulɡu/zmuldziri; Alb. zmojle "fallow land", etc. Not explicated in CV 353, but see ALLex. DER. $ Corroborated by REW 2864. *exmŭlgĕre > a-smulge
e k s m ˈu l ɡ e t , s m ˈu l d͡ʒ e , z m ˈu l d͡z e , z m ˈu l d͡z i $to wrest, wrench, snatch, pluck; tear off. Alt form zmulɡe. Arom. zmulɡu/zmuldziri; Alb. zmojle "fallow land", etc. Not explicated in CV 353, but see ALLex. DER. $ Corroborated by REW 2864. *exmŭlgĕre > a-smulge
e k s m ˈu l t u m , s m ˈu l t u , >* , z m ˈu l t u $plucked. From archaic pptcl of exmulɡere above. Now smuls. DER. *exmulctus > smult
e k s p e l l a w ˈaː r e , a s p e l ˈa ɾ e , a s p i l ˈa r e , s p i l ˈa r i $to wash. CV 50. Alb. shp(ë)laj, arom. spel, aspel. *experlavāre > a-spăla
e k s p ˈe l l a w oː , a s p ˈe l u , a s p ˈe l u , s p ˈe l $I wash. Arom spel, Alb shpëlaj< Megl spel, Istr spelå
e k s p ˈe l l a w a t , a s p e̯ ˈa l ə , a s p e̯ ˈa l ə , s p e̯ ˈa l ə $he washes. Arom speală

ˈe k w a m , j e̯ ˈa p ə , >* , e̯ ˈa p ə $mare. Arom eapã, iapã; Istr  iopě,  Meɡl iapǎ. equa >  iapă. $épa > iapă; 'mare' 
h ˈa e̯ d u m , j ˈe d u , >* , ˈe d $buck. CV 201. Arom ed, Sard edu, Alb edh. (h)aedus > ied; Arom ed, Megl-Ro ied.

f ˌa b r i k ˈaː , f ə ɾ e k ˈa ɾ e , f ə r i k ˈa r e , f ə r i k ˈa r i $ to hoop, chain, fetter, fortify with metal. CV 394. Alb. farkoj. cf. Aromanian fãric. fabricāre > a-fereca
f ˈa b r i k oː , f ˈə ɾ e k u , f ˈə r i k u , f ˈə r i k $I hoop, chai, fetter
f a m ˈi l i a m , f ə m e̯ ˈa ʎ e , f ə m e̯ ˈa ʎ e , f u m e̯ ˈa ʎ i $familia > femeie, 'family' > 'woman, wife'; Aromanian: fumealji, fumealje, fãmealji, fãmealje; Megleno-Romanian: fumeaľă, fămęľă; Romanian: femeie, fămeaiă, fămeie — archaic, fomeie, fimeie — Moldavia (region); Dalmatia famalja
f ˈeː m i n u m , f e̯ ˈa m e n u , f e̯ ˈa m i n u , h e̯ ˈa m i n $ * feminus>vrom famăn "eunuch" Aromanian feaminu, heamin 
f ˈe b r a , f e̯ ˈa v r ə , >* , h e̯ ˈa v r ə $fever; feminized with -a; cf. Italian febra. 
f ˈe b r i m , f j ˈe v r i , >* , h j ˈo r j $febris>fior "shudder". Regular is plural fiori "shudders", -rj reanalyzed as plural (PROPOSAL) !CV 1.6.2 !!possibly problematic -- CM 9/23, now explained. Arom hior, and heavră for a feminized variety. 
f ˌiː l i ˈaː n u m , f i ʎ ˈi n u , h i ʎ ˈi n u , h i ʎ ˈi n $*filianus>fin (&arom hilˈinu) !CV 1.10.3
f l ˌu k t u l ˈaː r e , f l u t u ɾ ˈa ɾ e , >* , f l i t u r ˈa r i $fluctulare > a flutura. Albanian fluturoj. Aromanian flitur, fliturari.
$f l ˈu k t u l oː , f l ˈu t u ɾ u , f l ˈi t u r u , f l ˈi t u r 
f ˌo s s ˈaː t e m , f u s ˈa t e , f u s ˈa t e , f u s ˈa t i $villaɡe. Old Romanian fsat. Alb. fshat. Aromanian fusat. CV 423. fossātum > sat
f ˈu r n u m , f ˈu r n u , f ˈu r n u , f ˈu r $furnus : Arom furnu : fur -- Alb may be implicated tho

ɡ ˈe n t a , d͡ʒ ˈi n t ə , ɡ ˈi n t ə , ɟ ˈi m t ə $ɡentis>ɡint (v.rom)!CV 1.10 $ REW 3735 suggests that this was borrowed from Albanian. However, also entirely possible that it just switched conjugations (gentem>gentum>...>gint). Gentum > gint works.  ARom ghimtă  from earlier gintă 
ɡ l ˈa n d a m , ɡ ʎ ˈi n d ə , ɡ ʎ ˈi n d ə , ɡ ʎ ˈi n d ə $acorn. Bonnet 1998: 249; see ALLex for details (Alb. lëndë, Arom. ɡljindǎ). This form from the -a appears inherited in a lot of Romance --REW p281-2 (n.3778). glāndem > ghindă
ɡ l ˈa n d u l a m , ɡ ʎ ˈi n d u r ə , >* , ɡ j ˈi n d u r ə $ɡland. Aromanian ɡljindură, Alb. ɡjëndër, etc. CV p28, see ALLex for details. glandula > ghindură
ɡ ˈu n n a , ɡ ˈu n ə , ɡ ˈu n ə , ɡ ˈu n ə 

ˌi n ɡ ˌa n n ˈaː r e , e n ɡ ə n ˈa ɾ e , a n ɡ ə n ˈa r e , a n ɡ ə n ˈa r i $to lie. Arom anɡan, nɡan. Alb. nɡënjej, ɡënjej. OB 380.  ingannāre > a-îngâna 
ˌi n ɡ ˈa n n oː , e n ɡ ˈa n u , a n ɡ ˈa n u , n ɡ ˈa n $ I lie. See above. 
ˌi n ɡ r ˌe w i k ˈaː r e , e n ɡ ɾ e k ˈa ɾ e , >* , n ɡ r i k ˈa r i $*inɡrevicare>a-înɡreca !CV 1.3.4. Aromanian ngricari. 
ˌi n k ˌa l k e ˈaː r e , e n k ə l t͡s ˈa ɾ e , ə n k ə l t͡s ˈa r e , n k ə l t͡s ˈa r i $to put on shoes. incalceare : încălța, Arom ncaltsu ncăltsari 
ˌi n k ˈa l k e oː , e n k ˈa l t͡s u , ə n k ˈa l t͡s u , n k ˈa l t͡s u $incalceo : nkaltsu încalț
ˌi n k ˌa r r i k ˈaː r e , e n k ə r k ˈa ɾ e , ə n k ə r k ˈa r e , n k ə r k ˈa r i $to load, charɡe. Arom ncarcu. Alb nɡarkoj. CV 46.  *incarricāre > a-încărca
ˌi n k ˈa r r i k oː , e n k ˈa r k u , ə n k ˈa r k u , n k ˈa r k u  $to load, charɡe. Arom ncarcu. Alb nɡarkoj. CV 46.  *incarricāre > a-încărca
ˌi n s ˈu n ɡ i a m , >* , >* , n d͡z ˈu n d͡z ə $pork lard. PROPOSAL. 
ˌi n ˌu k s o r ˈaː r e , e n s u ɾ ˈa ɾ e , ə n s u r ˈa r e , n s u r ˈa r i $(in)uxorare>a-se-însura !CV 1.10.4

ˈi p s u m , ˈe n s u , >* , n ˈə s		$ipse > îns. Arom nãs. 
i ˌu w ˈe n k u m , d͡ʒ ˈu n k u , d͡ʒ ˈu n k u , d͡ʒ ˈu n k u $younɡ bullock. Aromanian ɡiuncu. iuvencus > junc. 

l ˈe p o r e m , ʎ ˈe p u r e , >* , ʎ ˈe p u r e $rabbit. Alb lepur (ɡ lepër). arom. lepure, lˈepure, lˈǐopur. lepus > iepure. $lépore > iepure; ˈhareˈ 


m ˈa ɡ i s , >* , >* , m ˈa   $"more" magis > mai. Arom. ma. May be related to Albanian më, madh, though. 
m ˈa l u m , m ˈa ɾ u , m ˈa r u , m ˈa r $ malum>mar (arom.) !CV 1.4
$*malitiare>mărițăscu (arom) !CV 1.6.2
m ˈa r t i u m , m ˈa r t͡s u , m ˈa r t͡s u , m ˈa r t͡s u $martius>marț (v.rom) "March" !CV 2.3.3. Arom martsu
m ˈa s k u l u m , m ˈa s k u ɾ u , >* , m ˈa s k u r $ In Romanian proper, wild boar. Dialectally, castrated piɡ. masculus>mascur. Cf. Alb. mashkull "male", as in Aromanian. !CV 1.1, 2.6.2 !arom. $máskulu > mascur; ˈcastrated pigˈ $ This had no reason not to undergo syncope. Perhaps borrowed from outside the region where syncope took place? (I think this to be especially likely given the semantic domain--see pairs like fox/vixen.) FLAGGED for review
m ˈeː n s e m , >* , >* , m ˈe s $mensis>mes (arom) !CV 2.3.3 
m ˈiː l i a , m ˈi ʎ e , >* , ɲ ˈi ʎ e $thousand. Aromanian nˈilˈe . Meɡlenoromanian milˈǎ. 
m o r ˈiː r e , m u ɾ ˈi ɾ e , m u r ˈi r e , m u r ˈi r i $morio(r),moriri>a-muri !CV 1.6.2 (cf. ar. muriri)

n ˈo w e m , n o̯ ˈa w ə , n o̯ ˈa w ə , n ˈa w $nine. novem > nouă. $nine. novem > nouă. Megleno-Romanian noauă, Aromanian noauă/nauă/nau/noau. 
n ˌo w ˈe r k a , n u j e̯ ˈa r k ə , n u e ˈa r k ə , n e̯ ˈa r k ə  $noverca>nuearca >nearcă (arom) !(drom.dial nuiarcă) !CV 1.10.2
n ˌo w ˈe r k u m , n u j ˈe r k u , n u ˈe r k u , n ˈe r k $novercu : nuerc : nerc -- Alb njerk 

ˈo k t oː , ˈo p t u , ˈo p t u , ˈo p t u $eiɡht. octo > opt. $óktoː > opt; ‘eight’. Arom optu, Istro-Romanian opt, Megleno-Romanian uopt.
ˈo r pʰ a n u m , o̯ ˈa r f ə n u , ... , o̯ ˈa r f ə n $orphanus>oarfăn (arom) !CV 1.10.3. largely replacd by orfan from Greek now in Romanian
h ˌo r r ˈiː , u r ɾ ˈɨ , u r ˈɨ , u r ˈɨ $to hate. Alb. urrej, Arom. urâscu (from inchoative). CV 55. horrīre > a-urî
h ˌo r r ˈeː s c oː , u r ɾ ˈɨ s k u , u r ˈɨ s k u , u r ˈɨ s k u $I hate; Arom. urâscu

m a r ˈiː t u m , m ə r ˈi t u , m ə r ˈi t u , m ə r ˈi t $maritus>mărit (vrom & dial) !CV 1.10.2 Arom mãrit 

ˈo w e m , o̯ ˈa j e , o̯ ˈa j e , o̯ ˈa j $sheep. ovis > oaie.  Arom oai, oae, oeie; Istr-Rom oie; Megl-Rom oaiă
ˌo w ˈiː n u m , o v ˈi n u , >* , u ˈi n $ ovinus > arom. uin
ˌo w ˈiː n a m , o v ˈi n ə , >* , u ˈi n ə $mutton. Old Romanian. ovina > oină. Arom uina.

p ˈe r e oː , p j ˈe ɾ u , c j ˈe r u , c ˈe r 

p ˈi t t u l a m , p ˈe t u ɾ ə , >* , p ˈe t u r ə $*pittula>pătură (drom.dial) (arom petur) !CV 1.8.2
$p ˌo l l i k a r i s , >* , >* , p ə l i k ˈa ɾ $ pollicaris>pălicar !CV 1.2.4 !arom -- actually borrowed from Greek though. 

p ˈo r k a m , p o̯ ˈa r k ə , p o̯ ˈa r k ə , p o̯ ˈa r k ə		$sow, noun. porca > poarcă. REW 6656. Arom poarcă
p o r k ˈaː r i u m , p u r k ˈa ɾ u , p u r k ˈa r , p u r k ˈa r  $swineherd, noun. porcarius > purcar (archaic variant of porcar). Arom purcar
p ˌo r k aː r ˈi k i a , p u r k ə ɾ e̯ ˈa t͡s ə , p u r k ə r e̯ ˈa t͡s ə , p u r k ə r e̯ ˈa t͡s ə $pigsty. porcaricia > porcăreață. Placename Purcăreț is from earlier version with u. Arom purcăreață
p ˌo r k ˈe l l u m , p u r t͡ʃ ˈe l u , >* , p u r t͡s ˈe l $piɡlet. porcellus > purcel. Arom purtsel
p ˌo r k ˈe l l a m , p u r t͡ʃ e̯ ˈa w ə , p u r t͡s e̯ ˈa w ə , p u r t͡s j ˈa w $sow. porcella > purcea. Arom purtsiau, purtseauã
p ˌo r k ˈiː n a m , p u r t͡ʃ ˈi n ə , p u r t͡s ˈi n ə , p u r t͡s ˈi n ə $pork (meat). Dialectal. Arom purțină. porcina > porcină. 
p ˈo r k u m , p ˈo r k u , p ˈo r k u , p ˈo r k u $piɡ. porcus > porc. Arom porcu
p ˈoː s k a , p ˈu s k ə , p ˈu s k ə , p ˈu s k ə $vinegar
p ˈu n ɡ a m , p ˈu n ɡ ə , p ˈu n ɡ ə , p ˈu n ɡ ə $punɡam>punɡă From ALLex: purse, baɡ. A controversial etymoloɡy in Albanian as it is for Romanian punɡă and Aromanian punɡă. May be Latin (or later Latin), ɡermanic, perhaps via Latin, ɡreek... see Vatasescu 1997: 446 and sources therein.

p ˈu p p a , p ˈu p ə , p ˈu p ə , p ˈu p ə $ puppa>pupă !CV 1.1 !arom !alt lat: puupa, arom: pup

k w ˌa e̯ r ˈeː r e , t͡ʃ e r e̯ ˈa ɾ e , >* , t͡s i r e̯ ˈa r i $to ask. Alb. qëroj. See ALLex. $to request; ask, verb. quarere > a-cere
k w ˈa e̯ r oː , t͡ʃ ˈe ɾ u , >* , t͡s ˈe r $kwaero > cer; 'I ask', Arom tser, tsireari 
k w ˈa t t u o r , p ˈa t ɾ u , p ˈa t r u , p ˈa t r u $four. quattuor > patru. Arom patru/patur/paturu, Istro-Romanian påtru, Megl-Romanan patru
k w ˈiː n k w e , t͡ʃ ˈi n t͡ʃ i , t͡s ˈi n t͡s i , t͡s ˈi n t͡s i $five. quinque > cinci. Arom tsintsi, Istro-Rom ćinć, Megl tsints, ținț

r ˌe p ˌa w s ˈaː r e , r ə p ə w s ˈa ɾ e , r ə p o s ˈa r e , a r ə p ə s ˈa r i $ repausare>a-răposa (v.rom) !CV 1.3.5 !alt;  Aromanian (a)rãpãsedz, (a)rãpãsari,

r ˈoː s t r u m , r ˈo s t u , a r ˈo s t u , a r ˈo s t u $ rostrum>rost !CV 1.2.1 (v.rom, dial.); Aromanian arostu
r ˌuː m i ɡ ˈaː r eː , r u m e ɡ ˈa ɾ e , a r u m i ɡ ˈa r e , a r u m i ɡ ˈa r i $chew, masticate, ruminate. Meɡl rumiɡ, Aromainan aroamiɡ (arumiɡari). rumiɡare > a rumeɡa
r ˈuː m i ɡ a t , r ˈu m e ɡ ə , a r o̯ ˈa m i ɡ ə , r o̯ ˈa m i ɡ ə $chew, masticate, ruminate. Meɡl rumiɡ, Aromainan aroamiɡ (arumiɡari). rumiɡare > a rumeɡa

s ˈa ɡ i t a , >* , >* , s ˈə j t ə $ sãitã < sagita? 
s ˌa ɡ ˈi t t a m , s ə d͡ʒ e̯ ˈa t ə , s ə d͡ʒ e̯ ˈa t ə , s ə d͡ʒ e̯ ˈa t ə $ saɡitta>săɡeată ; Arom sãdzeatã
s ˌa ɡ i t t ˈaː r e , s ə d͡ʒ e t ˈa ɾ e , s ə d͡z i t ˈa r e , s ə d͡z i t ˈa r i $ saɡittare>a-săɡeta
s ˌa ɡ i t t ˈe d͡z oː , s ə d͡ʒ e t ˈe d͡z u , s ə d͡z i t ˈe d͡z u , s ə d͡z i t ˈe d͡z $ saɡittizo > sădzitedz
s ˌaː n ˈaː r e , s ə n ˈa , ... , ...  $ sanare,a-sânedzu !CV 1.6.1 (arom)
s aː n i t ˈaː t e m , s ə n ə t ˈa t e , s ə n ə t ˈa t e , s ə n ə t ˈa t i	$sanetáte > sănătati; 'health'
s ˌa n i t ˈoː s u m , s ə n ə t ˈo s u , >* , s ə n ə t ˈo s $ sanitosus,sănătos !CV 1.6.1; arom sãnãtos
s ˈaː n u m , s ˈə n u , s ˈə n u , s ˈə n $ sanus> sân !CV 1.6.1 (arom)


s ˈe k s e m , ʃ e̯ ˈa s e , ʃ e̯ ˈa s e , ʃ ˈa s i $six. sex > șase. Aromanian: shasi, shase, sheasi, shease. Istro-Romanian: șåse. Meɡleno-Romanian: șasi, Moldavian șese.
s ˈe r r a m , ʃ ˈa r ɾ ə , ʃ ˈa r ə , ʃ ˈa r ə $ serra>shară. Arom.

s k ˌa m n ˈe l l u m , s k ə m n ˈe l u , s k ə m n ˈe l u , s k ə m n ˈe l $scamnum> Aro scămnelu, Rom scăunel !! !CV 2.4.4. Venet scanel. 
s p ˈi s s u m , s p ˈe s u , s p ˈe s u , s p ˈe s $ spissus>spes. Arom. $ changes from spˈesu to spˈəsu via the rule [-cons,-back,-hi,-lo,+syl] > [-front,0tense] / [+cons,+lab] __ ( [-syl] )* [+syl,-front] after Common Romanian stage (that is, after divergence from Aromanian).

s ˈoː l e m , s o̯ ˈa ɾ e , s o̯ ˈa r e , s o̯ ˈa r i $solem>soare !CV 2.1. $soále > soare; 'sun';; Arom soari
s ˌo l ˈiː n u m , s u ɾ ˈi n u , s u r ˈi n u , s u r ˈi n $*solinus>surin (arom) !CV 2.4.4

s ˌu f f l ˈaː r e , s u f l ˈa ɾ e , s u f l ˈa r e , s u f l ˈa r i $sufflare : suflari
s ˈu f f l a t , s ˈu f l ə , s ˈu f l ə , s ˈu f l ə $sufflat > suflǎ
s ˈu f f l oː , s ˈu f l u , s ˈu f l u , s ˈu f l u $sufflō > suflu 

t ˈa w r u m , t ˈa v ɾ u , t ˈa v r u , t ˈa v r u $bull. Arom tavru. Alb. ter. taurus > taur.
t r ˈeː s , t r ˈe j , t r ˈe j , t r ˈe j $three. tres > trei. Pardess 4.25. trei in all Balkan Romance

ˈuː n u m , ˈu n u , ˈu n u , ˈu n $one (m.). unus > unu. Megleno-Ro un; Istr un, ur; Arom unu/un; Rom unu/un

w ˈa k k a m , v ˈa k ə , v ˈa k ə , v ˈa k ə $(female) cow. vacca > vacă. Arom/Megl vacă; Istro-Romanian: våkę

w ˈa l l e m , v ˈa l e , v ˈa l e , v ˈa l i					$vallis,valles>vale !CV 2.4.4, pɡ. 147, def = "valley"; Arom vare vari 
b ˌe r b ˈeː k u m , b e r b ˈe k u , b i r b ˈe k u , b i r b ˈe k $wether (castrated ram). berbex > berbece. -u reanalysis, Arom birbec, older birbecu
b ˌe r b ˈeː k e m , b e r b e̯ ˈa t͡ʃ e , b i r b e̯ ˈa t͡s e , b i r b e̯ ˈa t͡s i $wether (castrated ram). berbex > berbece. Version with b- widely in Romance even thouɡh its from Latin vervex. Arom birbec, birbeatsi, older birbeatse
w ˈeː r u m , v ˈe ɾ u , v ˈe r u , v ˈe r $ verum>veru >ver !CV 1.5 (arom.) -- Romanian văr
w i k t i m ˈaː r e , v ə t ə m ˈa ɾ e , v ə t ə m ˈa r e , v ə t ə m ˈa r i				$victimare --> vătăma, !CV 6.1 pɡ. 439, def = "to harm, damaɡe, wound"
w ˈiː k t u m , v ˈi p t u , j ˈi p t u , ɟ ˈi p t u $victus>vipt (vrom) !CV 1.8.2; Aro yiptu ghiptu

w ˌiː ɡ ˈi n t i , v i ɡ ˈi n t͡s i , j i ɡ ˈi n t͡s i , ɟ i ɟ ˈi n t͡s $viɡinti > Aromanian ɣiɣints, yinghits, yiyints, ghinghits, ghighints, yinjits, yinghițĭ 
w ˌi t ˈe l l a m , v e t͡s e̯ ˈa w ə , j i t͡s e̯ ˈa w ə , ɟ i t͡s ˈa w $heifer, younɡ female calf. vitella > vițea. Arom yitsauă
w ˌi t ˈe l l u m , v e t͡s ˈe l u , j i t͡s ˈə l u , ɟ i t͡s ˈe l $calf, veal. vitellus > vițel; Arom yitsãl (older Arom yitsălu, also ghitsel, ghitselu), Istr  viţe, viţelu; Megl vițǫl, vițal
w ˌi t ˈu l e u m , v e t ˈu ʎ u , >* , v i t ˈu ʎ u $yearlinɡ kid (ɡoat), hare. Disputed, may be substrate, and/or related to OAlb fëtujë̈> Alb ftujë, ftuj-ak, dial ftulë, vetul, vëtulë. Arom vitulˈǔ. Vatasescu 205. vituleus > vătui. 
w ˌi t ˈu l e a m , v e t ˈu ʎ e , >* , v i t ˈu ʎ e $female kid, younɡ hare. See above. vitulea > vătuie. Arom vitulˈe. 
