=Proto-Balkan Romance,Common Romanian,Old Romanian,Romanian
$no length since no phonemic length in Proto-romanian
$normal e as e, yat as æ, yers ɪ ʊ, o/a as ɒ in early period, o or a later; others a e i u; ɯ; 
$w/v as v

a j ˈa v æ , a j ˈe v e̯ a , >* , a j ˈe v e̯ a
... , a ɡ ˈo d a , >* , a ɡ ˈu d ə $mulberrz. Moldavian tho-- that may explain the u. Remove if so.

b ˈa b a , b ˈa b ə , >* , b ˈa b ə $babă. In Aromanian as well.
$ nope, the basm form is Serbo-Croatian: b ˈa s ɲ ɪ , >* , b ˈa s m
... , b e z a k o n ˈi j e , >* , b a z a k o n ˈi e $absurdity
... , b a ɡ r ˈi n ʊ  , >* , b ə ɡ r ˈi n $black locust (Banat). Consider removal.
... , b æ ʒ a n ˈi j e , >* , b ə ʒ e n ˈi e $refuge
b ˈæ l ʊ , >* , >* , b ˈə l $blond. Or from Alb balë "white spot"
b ˈɯ l ɪ j e , >* , >* ,  b ˈɨ l i e 
... , b e r l ˈa d ʊ , >* , b ɨ r l ˈa d $toponym, Bîrlad == in Vaslui, and a tributary of the Siret
... , b ə r l ˈo ɡ ʊ , >* , b ɨ r l ˈo ɡ $den
b ˈɪ r ɪ v ɪ n ɒ , >* , >* , b ˈɨ r n ə $beam
... , b ˈʊ r z ʊ , >* , b ˈɨ r z $quick 
... , b ˈe b r ʊ , >* , b r ˈe b $beaver
... , b e z d ɯ x a n ˈi j e , >* , b ɨ z d ɨ ɡ a n ˈi e $gizmo, critter 
b e z ʊ t͡ʃ ˈɪ s t ɪ n i k ʊ , >* , >* , b e t͡ʃ ˈi s n i k $weak, silly
b ˈe z d ʊ n a , >* , >* , b ˈe z n ə $pitch darkness
b l ˈæ s k ʊ , b l e̯ ˈa s k u , >* , b l e̯ ˈa s k $saliva (trans. mold.)
b l ˈa ɡ ʊ , >* , >* , b l 'e ɡ $soft, shy silly droopy
... , b ʎ ˈu d o , >* , b l ˈi d $plate
b ˈɒ l a , b o̯ ˈa l ə , >* , b o̯ ˈa l ə $sickness
... , b ˈo d l ɪ , >* , b ˈo l d $pin
... , b o ʒ ˈu r ʊ , >* , b u ʒ ˈo r $peony
... , b o ʃ n j ˈa k ʊ , >* , b o ʃ n e̯ ˈa ɡ $tributary of the Danube; "Bosniak"
b r ˈæ z a , >* , >* , b r e̯ ˈa z ə $toponym, Muntenia; also "smart, bright,white-striped" (of animals)
b r ˈa t r ɪ s t v ɒ , >* , >* , b r e̯ ˈa s l ə $brotherhood.n TODO consider removal, suspicious.
... , b ʊ l ʊ v ˈa n ʊ , >* , b o l o v ˈa n $boulder.
... , b ˈʊ z ɪ n a , >* , b ˈo z n ə $toponym, Sălaj county.
... , b ˈʊ z ʊ , >* , b ˈo z $dwarf elder (plant)

k ˈa d a , k ˈa d ə , >* , k ˈa d ə $tub. Arom cadã too.
... , k a d ˈi , >* , k ə d ˈi $to burn incense.
... , k a j ˈi , >* , k ə ˈi $to regret, repent.
... , k a l ˈi , >* , k ə l ˈi $to harden
... , k a l ˈi n ʊ , >* , k ə l ˈi n $guelder rose
... , k a l ˈi n a , >* , k ə l ˈi n ə $viburnum fruit.
... , k o p ˈi t͡s a , >* , k ə p ˈi t͡s ə $haystack.
... , k o t͡ʃ ˈa n ʊ , >* , k o t͡ʃ e̯ ˈa n 
... , k õ p ˈi n a , >* , k ɨ m p ˈi n ə $toponym, Prahova.
... , k o p ˈa ɲ a , >* , k o p ˈa j e 
... , k o r ˈa b ʎ e , >* , k o r ˈa b j e
... , k o v ɪ t͡ʃ ˈe ɡ u , >* , k o ʃ t͡ʃ ˈu ɡ
... , k v a s ˈi , >* , k o v ə s ˈi
k r ˈõ ɡ u , >* , >* , k r ˈɨ n ɡ
... , k r a s t ˈe l ɪ , >* , k r i s t ˈe j
... , k r o j ˈi , >* , k r o ˈi $ = arom cruescu, cruire
k ʊ r t͡ʃ ˈɪ m a , >* , >* , k ɨ r t͡ʃ ˈu m ə $pub,tavern

k ɒ r t͡ʃ ˈu n ʊ , k r ə t͡ʃ ˈu n u , >* , k r ə t͡ʃ ˈu n $creatio --> Crăciun, !CV 6.3 pɡ. 474, def = "Christmas". Arom Crăciun, kărtsunu, krătsun; Alb kërcu; bulg/mac kraçunc. Maybe substrate or Slavic -- cf. Alb kërcu "yule log". May be Alb origin.
k ˈɒ ʒ a , k o̯ ˈa ʒ ə , >* , k o̯ ˈa ʒ ə $arom coaji
k ˈɒ s a , k o̯ ˈa s ə , >* , k o̯ ˈa s ə $arom coasã
k ɒ ʒ ˈu x ɪ , k o ʒ ˈo k , >* , k o ʒ ˈo k $arom cujuc, derived cujuhar
k ˈɒ l ɪ t͡s ɪ , >* , >* , k ˈo l t͡s 
k l ˈe ʃ t͡ʃ ẽ , k l e̯ ˈa ʃ t e , >* , k l ˈe ʃ t e $arom cleashti
k ʊ n ˈẽ d͡z ɪ , k n e̯ ˈa d͡Z , >* , k n e̯ ˈa z
k ʊ n ˈẽ ʒ ɪ n a , >* , >* , k j ˈa ʒ n ə $toponym in Ilfov. The form cneajna is analogized to cneaz above.
k ˈʊ r m a , k ˈə r m ə , >* , k ˈɨ r m ə
k ʊ r m ˈi , k ə r m ˈi , >* , k ɨ r m ˈi
k ˈʊ r n ʊ , k ˈə r n u , >* , k ˈɨ r n 
k ˈʊ r p a , k ˈə r p ə , >* , k ˈɨ r p ə 
... , k i s l j ˈa k , >* , k i ʃ l e̯ ˈa ɡ $from (Ukrainian) East Slavic

t͡ʃ ˈe x o l ʊ , t͡ʃ e̯ ˈa x o l u , >* , t͡ʃ e̯ ˈa h o l $from Old East Slavic likely
... , t͡ʃ ˈa s u , >* , t͡ʃ e̯ ˈa s 
... , t͡ʃ a s ˈo v n i k , >* , t͡ʃ e̯ a s ˈo r n i k
... , t͡ʃ ˈa p k a , >* , t͡ʃ e̯ ˈa p k ə $from Polish
... , t͡ʃ ˈa ʃ k a , >* , t͡ʃ e̯ ˈa ʃ k ə $from East Slavic
... , t͡ʃ ˈa ʃ n i k ʊ , >* , t͡ʃ e̯ ˈa ʃ n i k $from East Slavic
t͡ʃ ˈe t a , t͡ʃ e̯ ˈa t ə , >* , t͡ʃ e̯ ˈa t ə
... , t͡ʃ a v ˈa ʃ , >* , t͡ʃ e w ˈa ʃ $village, Mureș county

... , d a r o v ˈi , >* , d ə r u ˈi
... , d ˈa r ʊ , >* , d ˈa r
... , d ˈõ b o v a , >* , d ˈɨ m b o v ə $placename -- Gorj county
... , d ˈi r a , >* , d ˈɨ r ə 
... , d ˈɪ r z ʊ , >* , d ˈɨ r z 
... , d ˈæ l ʊ , >* , d e̯ ˈa l 

l æ p ˈi , l e p ˈi , >* , l i p ˈi $to glue; arom a-lichescu, lăchescu etc, lichiri, lichieri too.
... , l o p ˈa t a , >* , l o p ˈa t ə 

n e v ˈæ s t a , n e v e̯ ˈa s t ə , >* ,  n e v ˈa s t ə	$nevésta > nevastă; 'wife' -- this is Slavic . Aromanian ãnveastã > nveastã, Megl.-Ro niveastă

ɒ v ˈɪ d͡z ʊ , o v ˈe d͡z u , >* , o v ˈə z $ovăz, Arom uvedzu : uvedz 

p ˈa j ɒ̃ ɡ u , p ˈa j i n ɡ u , >* , p ˈa i n ɡ 
p ɒ ɡ a n ˈi , >* , >* , p ɨ n ɡ ə r ˈi $poganiti to pângâri "to dirty"
... , p l ˈa t a , >* , p l ˈa t ə $payment
... , p l a t ˈi , >* , p l ə t ˈi $to pay
... , p l e v ˈi , >* , p l i v ˈi $to weed
... , p l ˈu ɡ ʊ , >* , p l ˈu ɡ
p u s t ˈɯ j u , p u s t ˈi j e , >* , ... $arom pustilie, pustilii [feminine]
p u s t ˈɯ j u , p u s t ˈi j u , >* , p u s t ˈi w $desert; arom pustilie, pustilii [feminine]
... , p r ɒ ʃ ˈi , >* , p r ə ʃ ˈi $to hoe

... , r ˈa n a , >* , r ˈa n ə $=Arom arană; wound
... , r a n ˈi , >* , r ə n ˈi $to wound, arom arãni
... , r ˈɒ b ʊ , >* , r ˈo b $=Arom
... , r ɒ ɡ ˈɒ z ʊ , >* , r o ɡ ˈo z $ = arom arugoz
... , r a z b ˈɒ j i , >* , r ə z b ˈo j $ = arom arãzboi
r ɯ ɡ ˈa j u , >* , >* , r ɨ ɡ ˈɨ j 

s ʊ b ɒ r ˈe s k u , z b ɔ r ˈɨ s k u , >* , ... $arom zburãscu
s ʊ d r ˈe n i t͡s a , z d ɾ j e̯ ˈa n t͡s a , >* , z d r e̯ ˈa n t͡s a 
... , s ˈi l a , >* , s ˈi l ə $force
... , s ˈi t a , >* , s ˈi t ə $sieve. 
s k ˈɒ̃ p ʊ , s k ˈu m p u , >* , s k ˈu m p
s l ˈa b ʊ , s l ˈa b u , >* , s l ˈa b 
s l a b ˈi , s l ə b ˈi , >* , s l ə b ˈi $ arom slãghi

... , ʃ o v ˈa r u , >* , ʃ o v ˈa r $ = arom shuvar.
t͡ʃ e r ˈæ d a , t͡ʃ i r e̯ ˈa d ə , >* , t͡ʃ i r e̯ ˈa d ə $herd.

t ɒ p ˈɒ r ʊ , t o p ˈo ɾ u , >* , t o p ˈo r $= arom tupor, tãpor
t ɒ p ˈɒ r a , t o p o̯ ˈa ɾ ə , >* , ... $arom tupoarã, topoara, tãpoarã

... , u l ˈi t͡s a , >* , u l i t͡s ə $street. Identical in arom.

... , v æ v e r ˈi t͡s a , >* , v e v e r i t͡s ə $squirrel. Arom viviritsã
... , e n v ɪ r t ˈi , >* , ɨ n v ɨ r t ˈi $ = arom { ã}nvãrt-escu, Rom 1sg învârt
... , v ɪ r t ˈe ʒ ɪ , >* , v ɨ r t ˈe  ʒ

$ actually fr Alb -- balta