=Common Romanian,Old Romanian,Romanian

$leftat h
$policy -- Ottoman to Old Romanian
    $only include if there is significant phonological change or evidence of archaicness phonologically in input -- to avoid loans that are too modern

$Kipchak or Mongol via Kipchak to Common Romanian if justified
    $ avoid Nogai unless justified by phonological changes
... , a ʃ a m a j l ˈɯ j a , ʃ a m a l ˈi a $toponym -- Cantemir region, Moldova
... , ʒ a ɣ ɯ l t ˈa j , ʒ o l t ˈa j $toponym -- Moldova. TODO POSSIBLY REMOVE, IN GAGAUZIA
... , k a j t͡ʃ ɯ l ˈɯ j a , k o t͡ʃ u l ˈi a $toponym -- Cantemir region, Moldova
... , k ɯ j ˈa t u , k ɨ j ˈe t u $toponym -- Cantemir region, Moldova
... , t͡ʃ u m e t͡ʃ l ˈi j a , t͡ʃ i m i ʃ l ˈi a $Cimișlia region, Moldova
... , k ø s e l ˈi j a , k j o s e l ˈi a $toponym  -- Cantemir region, Moldova
... , k i s j e n ˈøː , k i ʃ i n ˈə w $toponym -- Chisinau. Perhaps Hungarian. 15th c.
... , k e ʃ e n ˈe w , k i ʃ i n ˈə w $toponym -- Chisinau. See above.
h ˈo r d a , h o̯ ˈa r d ə , h o̯ ˈa r d ə $horde
$Uz < "Oghuz" -- excluded, phonology unclear

$ CRIMEAN LOANS
... , b a k t͡ʃ a l ˈɯ j a , b a k t͡ʃ e̯ a l ˈi a $toponym - Căușeni region, Moldova
... , t͡ʃ a d ˈɯ r , t͡ʃ e̯ a d ˈɨ r $tent; toponym -- Leova region Moldova
... , t͡ʃ i ʃ m e k ˈø j , t͡ʃ i ʃ m i k j ˈo j $village in Gagauzia. TODO CONSIDER REMOVAL, for both Gagauz and Moldvoan dialectalism
... , k ɯ p t͡ʃ ˈa k , k o p t͡ʃ e̯ ˈa k $toponym -- Gagauzia, Stefan Voda regions in Moldova
... , k o r k m ˈa z , k r o k m ˈa z $toponym -- Stefan Voda region, Moldova
... , d y z ɡ ˈy n d͡ʒ a , d e z ɡ ˈi n d͡ʒ e̯ a $oponym -- Gagauzia
... , j e n i k ˈø j , e n i k j ˈo j $toponym -- Cantemir region, Moldova
... , ɯ r m a k l ˈɯ j a , e r m o k l ˈi j a $toponym -- Stefan Voda region, MOldova
... , h a d͡ʒ i k ˈø j , h a d͡ʒ i k j ˈo j $toponym-- Taraclia, Moldova
... , ʃ e b ø r ˈe k , ʃ u b e r ˈe k $pita
... , t͡ʃ a v ˈu n , t͡ʃ e̯ a ˈu n $cauldron
... , t͡ʃ a l ˈɯ k , t͡ʃ e̯ a l ˈɨ k $ toponym -- Taraclia
... , b e ʃ ɡ ˈø z , b e ʃ ɡ j ˈo z $toponym -- Gagauzia
... , ɡ a ɡ a v ˈu z , ɡ ə ɡ ə ˈu z $gagauz.

$OTTOMAN LOANS
... , a k t͡ʃ ˈa , a k t͡ʃ e̯ ˈa $type of currency
... , j ˈe l e k , ˈi l i k $waistcoat
... , b r i t͡ʃ ˈa k , b r i t͡ʃ e̯ ˈa ɡ $pocketknife
... , t͡ʃ a v u s ˈo ɡ l u , t͡ʃ e̯ a s ˈo ɡ l u $a surname
... , k y l h ˈa n d͡ʒ ɯ , k j u l h ˈa n d͡ʒ u $stoker in bath
... , d o l ˈa p t͡ʃ ɯ , d u l ˈa p t͡ʃ u $clever person
... , d ˈy z , d j ˈu z $flatland
... , ɡ ˈø l , ɡ j ˈo l $lake
... , ɡ y m r ˈy k t͡ʃ y , ɡ j u m b r ˈu k t͡ʃ u $customs officer
... , d͡ʒ e v a h ˈi r t͡ʃ ɯ , d͡ʒ u v a j ˈe r d͡ʒ u $goldsmith