INPUT,/t͡sˈumbulaj/,/t͡sˈumbuluʃ/,/tɐt͡sˈumbuluʃʃuʃ/,/t͡ʃˈukəkuʃ/,/t͡ʃˈuka/,/t͡ʃˈuktuʃ/,/t͡ʃˈukətuʃ/,/t͡ʃˈukəta/,/t͡sˈejpa/,/tɐt͡sˈejpa/,/intɐt͡sˌejpˈaː/,/t͡sˈarkuʃ/,/tɐt͡sˈarkuʃ/,/tɐt͡sˈuros/,/t͡sˈaɾbatuʃ/,/est͡sɐrˈima/,/est͡sɐrˌimˈa/,/d͡zˈerna/,/dˈeləna/,/d͡zˈala/,/d͡zˈelma/,/d͡zˈeluʃ/,/dˈɒːwina/,/rˈantɐdja/,/enpərˈendɐdja/,/kˌapˈuʃʃa/,/kˌapˈuta/,/kˌɒːpˈilluʃ/,/kˈuːma/,/kˈuːmbəruʃ/,/kˌummˈatru/,/kˌalbˈad͡ʒja/,/kˌerasˈeia/,/eskrˈumuʃ/,/esɡˈabba/,/ɡrˈappa/,/ɡrˈɒːpa/,/ɡˈarduʃ/,/esɡˈarda/,/ɡlˈera/,/at͡sˈiːnuʃ/,/ɦˈajduʃ/,/ɦˌarɡalˈeia/,/ˌawˈuʃʃuʃ/,/aɾˈɒːtja/,/t͡ʃʷˈɒːrna/,/kʷˈurpət͡sa/,/kʷurpnˈaː/,/kʷˈurpɐnuʃ/,/d͡zˈana/,/ɡʷurmˈad͡ʒuʃ/,/ɡʷʎˈinəpaj/,/d͡ʒʷˈernuʃ/,/wˈed͡zulaj/,/wˈɒːla/,/ˈurda/,/pˌupˈedja/,/pˈalna/,/pirrˈɒːnuʃ/,/bʰˌɒːnɡˈeːtun/,/bˈuːkuʃ/,/bˈukɒːruʃ/,/bukɒːrˈɒː/,/bukɒːrˈɒːʃʃuʃ/,/bˈudja/,/bˌubbˌurˈoːdja/,/bˈulwədjuʃ/,/bˈalu/,/bˈalta/,/bˌultɐxˈakuʃ/,/bˌalnˈɒːʃʃuʃ/,/brˈajnəka/,/bˈard͡zuʃ/,/bˈard͡za/,/bˌurdˈuʃʃuʃ/,/bʰr̩tˈm̩/,/bˌɒːrˈaː/,/brˈadi/,/brˈeːnu/,/brˈeːna/,/brˈustulaj/,/bˈaʎwa/,/bˈɒːʎwa/,/bˌɒːʎwˈawruʃ/,/bˈaʎəɡa/,/mˈaj/,/mˈad͡zi/,/mˈɒːd͡zulaj/,/mˈɒːtəʃʃuʃ/,/mˈɒːtəʃʃaj/,/mˈanədjuʃ/,/mˈanskuʃ/,/mˈuɡuluʃ/,/mˈɒːluʃ/,/melwˈaju/,/melwˈura/,/melwˈiːɡa/,/mˈeluwos/,/mˈallu/,/admˈurɡuʃ/,/mˈurɡuʃ/,/marˈadriu/,/marˈadru/,/dˈaʃʃuʃ/,/drˈɒːwja/,/ʒˈuːʃjuʃ/,/spˈond͡ʒju/,/ʒˌuːmˈateja/,/stˈana/,/stˈiːra/,/strˈatuʃ/,/strˈunɡa/,/ʃˌɒːpˈerɐla/,/nˌehəpˈertəka/,/strˈeːpos/,/nˈeɡula/,/ˈabuluʃ/,/lˌapˈuʃʃuʃ/,/lˌewwˈurda/
R0,,,,,,,,,,,,,,,,,,,,,,,,,,,,,,,,,,,,,,,,,,,,,*/aɾˈɑːtja/,,,,,,,,,,,,,,*/pirrˈɑːnuʃ/,,,,,*/bukɒːrˈɑːʃʃuʃ/,,,,,,,*/bˌalnˈɑːʃʃuʃ/,,,,,,,,,,,,,,,,,,,,,,,,,,,,,,,,,,,,,,,,,,,,,,,,
R1,,,,,,,,,,,,,,,,,,,,,,,*/dˈoːwina/,,,,,*/kˌoːpˈilluʃ/,,,,,,,,,*/ɡrˈoːpa/,,,,,,,,,*/t͡ʃʷˈoːrna/,,,,,,,,,*/wˈoːla/,,,,,*/bʰˌoːnɡˈeːtun/,,*/bˈukoːruʃ/,*/bukoːrˈoː/,*/bukoːrˈɑːʃʃuʃ/,,,,,,,,,,,,,*/bˌoːrˈaː/,,,,,,*/bˈoːʎwa/,*/bˌoːʎwˈawruʃ/,,,,*/mˈoːd͡zulaj/,*/mˈoːtəʃʃuʃ/,*/mˈoːtəʃʃaj/,,,,*/mˈoːluʃ/,,,,,,,,,,,*/drˈoːwja/,,,,,,,,*/ʃˌoːpˈerɐla/,,,,,,
=Latin,null*/t͡sˈumbulaj/,null*/t͡sˈumbuluʃ/,null*/tɐt͡sˈumbuluʃʃuʃ/,null*/t͡ʃˈukəkuʃ/,null*/t͡ʃˈuka/,null*/t͡ʃˈuktuʃ/,null*/t͡ʃˈukətuʃ/,null*/t͡ʃˈukəta/,null*/t͡sˈejpa/,null*/tɐt͡sˈejpa/,null*/intɐt͡sˌejpˈaː/,null*/t͡sˈarkuʃ/,null*/tɐt͡sˈarkuʃ/,null*/tɐt͡sˈuros/,null*/t͡sˈaɾbatuʃ/,null*/est͡sɐrˈima/,null*/est͡sɐrˌimˈa/,null*/d͡zˈerna/,null*/dˈeləna/,null*/d͡zˈala/,null*/d͡zˈelma/,null*/d͡zˈeluʃ/,null*/dˈoːwina/,null*/rˈantɐdja/,null*/enpərˈendɐdja/,null*/kˌapˈuʃʃa/,null*/kˌapˈuta/,null*/kˌoːpˈilluʃ/,null*/kˈuːma/,null*/kˈuːmbəruʃ/,null*/kˌummˈatru/,null*/kˌalbˈad͡ʒja/,null*/kˌerasˈeia/,null*/eskrˈumuʃ/,null*/esɡˈabba/,null*/ɡrˈappa/,null*/ɡrˈoːpa/,null*/ɡˈarduʃ/,null*/esɡˈarda/,null*/ɡlˈera/,null*/at͡sˈiːnuʃ/,null*/ɦˈajduʃ/,null*/ɦˌarɡalˈeia/,null*/ˌawˈuʃʃuʃ/,null*/aɾˈɑːtja/,null*/t͡ʃʷˈoːrna/,null*/kʷˈurpət͡sa/,null*/kʷurpnˈaː/,null*/kʷˈurpɐnuʃ/,null*/d͡zˈana/,null*/ɡʷurmˈad͡ʒuʃ/,null*/ɡʷʎˈinəpaj/,null*/d͡ʒʷˈernuʃ/,null*/wˈed͡zulaj/,null*/wˈoːla/,null*/ˈurda/,null*/pˌupˈedja/,null*/pˈalna/,null*/pirrˈɑːnuʃ/,null*/bʰˌoːnɡˈeːtun/,null*/bˈuːkuʃ/,null*/bˈukoːruʃ/,null*/bukoːrˈoː/,null*/bukoːrˈɑːʃʃuʃ/,null*/bˈudja/,null*/bˌubbˌurˈoːdja/,null*/bˈulwədjuʃ/,null*/bˈalu/,null*/bˈalta/,null*/bˌultɐxˈakuʃ/,null*/bˌalnˈɑːʃʃuʃ/,null*/brˈajnəka/,null*/bˈard͡zuʃ/,null*/bˈard͡za/,null*/bˌurdˈuʃʃuʃ/,null*/bʰr̩tˈm̩/,null*/bˌoːrˈaː/,null*/brˈadi/,null*/brˈeːnu/,null*/brˈeːna/,null*/brˈustulaj/,null*/bˈaʎwa/,null*/bˈoːʎwa/,null*/bˌoːʎwˈawruʃ/,null*/bˈaʎəɡa/,null*/mˈaj/,null*/mˈad͡zi/,null*/mˈoːd͡zulaj/,null*/mˈoːtəʃʃuʃ/,null*/mˈoːtəʃʃaj/,null*/mˈanədjuʃ/,null*/mˈanskuʃ/,null*/mˈuɡuluʃ/,null*/mˈoːluʃ/,null*/melwˈaju/,null*/melwˈura/,null*/melwˈiːɡa/,null*/mˈeluwos/,null*/mˈallu/,null*/admˈurɡuʃ/,null*/mˈurɡuʃ/,null*/marˈadriu/,null*/marˈadru/,null*/dˈaʃʃuʃ/,null*/drˈoːwja/,null*/ʒˈuːʃjuʃ/,null*/spˈond͡ʒju/,null*/ʒˌuːmˈateja/,null*/stˈana/,null*/stˈiːra/,null*/strˈatuʃ/,null*/strˈunɡa/,null*/ʃˌoːpˈerɐla/,null*/nˌehəpˈertəka/,null*/strˈeːpos/,null*/nˈeɡula/,null*/ˈabuluʃ/,null*/lˌapˈuʃʃuʃ/,null*/lˌewwˈurda/
R2,,,,,,,,,,,,,,,,,,,,,,,,,,,,,,,,,,,,,,,,,,,,,,,,,,,,,,,,,,,,,,,,,,,,,,,,,,,,,,,,,,,,,,,,,,,,,,,,,,,,,,,,,,,,,,,,,,,,,,,
R3,,,,,,,,,,,,,,,,,,,,,,,,,,,,,,,,,,,,,,,,,,,,,,,,,,,,,,,,,,,,,,,,,,,,,,,,,,,,,,,,,,,,,,,,,,,,,,,,,,,,,,,,,,,,,,,,,,,,,,,
R4,,,,,,,,,,,,,,,,,,,,,,,,,,,,,,,,,,,,,,,,,,,,,,,,,,,,,,,,,,,,,,,,,,,,,,,,,,,,,,,,,,,,,,,,,,,,,,,,,,,,,,,,,,,,,,,,,,,,,,,
R5,,,,,,,,,,,,,,,,,,,,,,,,,,,,,,,,,,,,,,,,,,,,,,,,,,,,,,,,,,,,,,,,,,,,,,,,,,,,,,,,,,,,,,,,,,,,,,,,,,,,,,,,,,,,,,,,,,,,,,,
R6,,,,,,,,,,,,,,,,,,,,,,,,,,,,,,,,,,,,,,,,,,,,,,,,,,,,,,,,,,,,,,,,,,,,,,,,,,,,,,,,,,,,,,,,,,,,,,,,,,,,,,,,,,,,,,,,,,,,,,,
R7,,,,,,,,,,,,,,,,,,,,,,,,,,,,,,,,,,,,,,,,,,,,,,,,,,,,,,,,,,,,,,,,,,,,,,,,,,,,,,,,,,,,,,,,,,,,,,,,,,,,,,,,,,,,,,,,,,,,,,,
R8,,,,,,,,,,,,,,,,,,,,,,,,,,,,,,,,,,,,,,,,,,,,,,,,,,,,,,,,,,,,,,,,,,,,,,,,,,,,,,,,,,,,,,,,,,,,,,,,,,,,,,,,,,,,,,,,,,,,,,,
R9,,,,,,,,,,,,,,,,,,,,,,,,,,,,,,,,,,,,,,,,,,,,,,,,,,,,,,,,,,,,,,,,,,,,,,,,,,,,,,,,,,,,,,,,,,,,,,,,,,,,,,,,,,,,,,,,,,,,,,,
R10,,,,,,,,,,,,,,,,,,,,,,,,,,,,,,,,,*/kˌerasˈeja/,,,,,,,,,,*/ɦˌarɡalˈeja/,,,,,,,,,,,,,,,,,,,,,,,,,,,,,,,,,,,,,,,,,,,,,,,,,,,,,,,,,,,*/marˈadrju/,,,,,,,,,,,,,,,,,
R11,,,,,,,,,,,,,,,,,,,,,,,,,,,,,,,,,,,,,,,,,,,,,,,,,,,,,,,,,,,,,,,,,,,,,,,,,,,,,,,,,,,,,,,,,,,,,,,,,,,,,,,,,,,,,,,,,,,,,,,
R12,,,,,,,,,,,,,,,,,,,,,,,,,,,,,,,,,,,,,,,,,,,,,,,,,,,,,,,,,,,,,,,,,,,,,,,,,,,,,,,,,,,,,,,,,,,,,,,,,,,,,,,,,,,,,,,,,,,,,,,
R13,,,,,,,,,,,,,,,,,,,,,,,,,,,,,,,,,,,,,,,,,,,,,,,,,,,,,,,,,,,,,,,,,,,,,,,,,,,,,,,,,,,,,,,,,,,,,,,,,,,,,,,,,,,,,,,,,,,,,,,
R14,,,,,,,,,,,,,,,,,,,,,,,,,,,,,,,,,,,,,,,,,,,,,,,,,,,,,,,,,,,,,,,,,,,,,,,,,,,,,,,,,,,,,,,,,,,,,,,,,,,,,,,,,,,,,,,,,,,,,,,
R15,,,,,,,,,,,,,,,,,,,,,,,,,,,,,,,,,,,,,,,,,,,,,,,,,,,,,,,,,,,,,,,,,,,,,,,,,,,,,,,,,,,,,,,,,,,,,,,,,,,,,,,,,,,,,,,,,,,,,,,
R16,,,,,,,,,,,,,,,,,,,,,,,,,,,,,,,,,,,,,,,,,,,,,,,,,,,,,,,,,,,,*/bˌoːnɡˈeːtun/,,,,,,,,,,,,,,,,*/br̩tˈm̩/,,,,,,,,,,,,,,,,,,,,,,,,,,,,,,,,,,,,,,,,,,,
R17,,,,,,,,,,,*/intɐt͡sejpˈaː/,,,,,,*/est͡sɐrimˈa/,,,,,,,,,*/kapˈuʃʃa/,*/kapˈuta/,*/koːpˈilluʃ/,,,*/kummˈatru/,*/kalbˈad͡ʒja/,*/kerasˈeja/,,,,,,,,,,*/ɦarɡalˈeja/,*/awˈuʃʃuʃ/,,,,,,,,,,,,,*/pupˈedja/,,,*/boːnɡˈeːtun/,,,,,,*/bubburˈoːdja/,,,,*/bultɐxˈakuʃ/,*/balnˈɑːʃʃuʃ/,,,,*/burdˈuʃʃuʃ/,,*/boːrˈaː/,,,,,,,*/boːʎwˈawruʃ/,,,,,,,,,,,,,,,,,,,,,,,,*/ʒuːmˈateja/,,,,,*/ʃoːpˈerɐla/,*/nehəpˈertəka/,,,,*/lapˈuʃʃuʃ/,*/lewwˈurda/
R18,,,,,,,,,,,,,,,,,,,,,,,,,,,,,,,,,,,,,,,,,,,,,,,,,,,,,,,,,,,,,,,,,,,,,,,,,,,,,,,,,,,,,,,,,,,,,,,,,,,,,,,,,,,,,,,,,,,,,,,
R19,,,,,,,,,,,,,,,,,,,,,,,,,,,,,,,,,,,,,,,,,,,,,,,,,,,,,,,,,,,,,,,,,,,,,,,,,,,,,,,,,,,,,,,,,,,,,,,,,,,,,,,,,,,,,,,,,,,,,,,
R20,,,,,,,,,,,,,,,,,,,,,,,,,,,,,,,,,,,,,,,,,,,,,,,,,,,,,,,,,,,,,,,,,,,,,,,,,,,,,,,,,,,,,,,,,,,,,,,,,,,,,,,,,,,,,,,,,,,,,,,
R21,,,,,,,,,,,,,,,,,,,,,,,,,,,,,,,,,,,,,,,,,,,,,,,,,,,,,,,,,,,,,,,,,,,,,,,,,,,,,,,,,,,,,,,,,,,,,,,,,,,,,,,,,,,,,,,,,,,,,,,
R22,,,,,,,,,,,,,,,,,,,,,,,,,,,,,,,,,,,,,,,,,,,,*/aˈuʃʃuʃ/,,,,,,,,,,,,,,,,,,,,,,,,,,,,,,,,,,,,,,,,,,,,,,,,,,,,,,,,,,,,,,,,,,,,,,,,,,,
R23,,,,,,,,,,,,,,,,,,,,,,,,,,,,,,,,,,,,,,,,,,,,,,,,,,,,,,,,,,,,,,,,,,,,,,,,,,,,,,,,,,,,,,,,,,,,,,,,,,,,,,,,,,,,,,,,,,,,,,,*/lwwˈurda/
R24,,,,,,,,,,,,,,,,,,,,,,,,,,,,,,,,,,,,,,,,,,,,,,,,,,,,,,,,,,,,,,,,,,,,,,,,,,,,,,,,,,,,,,,,,,,,,,,,,,,,,,,,,,,,,,,,,,,,,,,
R25,,,,,,,,,,,,,,,,,,,,,,,,,,,,,,,,,,,,,,,,,,,,,,,,,,,,,,,,,,,,,,,,,,,,,,,,,,,,,,,,,,,,,,,,,,,,,,,,,,,,,,,,,,,,,,,,,,,,,,,
R26,,,,,,,,,,,,,,,,,,,,,,,,,,,,,,,,,,,,,,,,,,,,,,,,,,,,,,,,,,,,,,,,,,,,,,,,,,,,,,,,,,,,,,,,,,,,,,,,,,,,,,,,,,,,,,,,,,,,,,,
R27,,,,,,,,,,,,,,,,,,,,,,,,,,,,,,,,,,,,,,,,,,,,,,,,,,,,,,,,,,,,,,,,,,,,,,,,,,,,,,,,,,,,,,,,,,,,,,,,,,,,,,,,,,,,,,,,,,,,,,,
R28,,,,,,,,,,,,,,,,,,,,,,,,,,,,,,,,,,,,,,,,,,,,,,,,,,,,,,,,,,,,,,,,,,,,,,,,,,,,,,,,,,,,,,,,,,,,,,,,,,,,,,,,,,,,,,,,,,,,,,,
R29,,,,,,,,,,,,,,,,,,,,,,,,,,,,,,,,,,,,,,,,,,,,,,,,,,,,,,,,,,,,,,,,,,,,,,,,,,,,,,,,,,,,,,,,,,,,,,,,,,,,,,,,,,,,,,,,,,,,,,,
R30,,,,,,,,,,,,,,,,,,,,,,,,,,,,,,,,,,,,,,,,,,,,,,,,,,,,,,,,,,,,,,,,,,,,,,,,,,,,,,,,,,,,,,,,,,,,,,,,,,,,,,,,,,,,,,,,,,,,,,,
R31,,,,,,,,,,,,,,,,,,,,,,,,,,,,,,,,,,,,,,,,,,,,,,,,,,,,,,,,,,,,,,,,,,,,,,,,,,,,,,,,,,,,,,,,,,,,,,,,,,,,,,,,,,,,,,,,,,,,,,,
R32,,,,,,,,,,,,,,,,,,,,,,,,,,,,,,,,,,,,,,,,,,,,,,,,,,,,,,,,,,,,,,,,,,,,,,,,,,,,,,,,,,,,,,,,,,,,,,,,,,,,*/ammˈurɡuʃ/,,*/marˈarrju/,*/marˈarru/,,,,,,,,,,,,,,,,
R33,,,,,,,,,,,,,,,,,,,,,,,,*/rˈantɐja/,*/enpərˈendɐja/,,,,,,,,,,,,,,,,,,,,,,,,,,,,,,,,,,,,,,,,,,,,,,,,,,,,,,,,,,,,,,,,,,,,,,,,,,,,,,,,,,,,,,,,,,,,,,
R34,,,,,,,,,,,,,,,,,,,,,,,,,,,,,,,,,,,,,,,,,,,,,,,,,,,,,,,,,,,,,,,,,,,,,,,,,,,,,,,,,,,,,,,,,,,,,,,,,,,,,,,,,,,,,,,,,,,,,,,
R35,,,,,,,,,,,,,,,,,,,,,,,,,,,,,,,,,,,,,,,,,,,,,,,,,,,,,,,,,,,,,,,,,,,,,,,,,,,,,,,,,,,,,,,,,,,,,,,,,,,,,,,,,,,,,,,,,,*/neəpˈertəka/,,,,,
R36,*/t͡sˈumbulɛː/,,,,,,,,,,,,,,,,,,,,,,,,,,,,,,,,,,,,,,,,,*/ɦˈɛːduʃ/,,,,,,,,,,*/ɡʷʎˈinəpɛː/,,*/wˈed͡zulɛː/,,,,,,,,,,,,,,,,,,*/brˈɛːnəka/,,,,,,,,,*/brˈustulɛː/,,,,,*/mˈɛː/,,*/mˈoːd͡zulɛː/,,*/mˈoːtəʃʃɛː/,,,,,,,,,,,,,,,,,,,,,,,,,,,,,
R37,,,,,,,,,,,,,,,,,,,,,,,,,,,,,,,,,,,,,,,,,,,,,,,,,,,,,,,,,,,,,,,,,,,,,,,,,,,,,,,,,,,,,,,,,,,,,,,,,,,,,,,,,,,,,,,,,,,,,,,
R38,,,,,,,,,,,,,,,,,,,,,,,,,,,,,,,,,,,,,,,,,,,,,,,,,,,,,,,,,,,,,,,,,,,,,,,,,,,,,,,,,,,,,,,,,,,,,,,,,,,,,,,,,,,,,,,,,,,,,,,
R39,,,,,,,,,,,,,,,,,,,,,,,,,,,,,,,,,,,,,,,,,,,,,,,,,,,,,,,,,,,,,,,,,,,,,,,,,,,,,,,,,,,,,,,,,,,,,,,,,,,,,,,,,,,,,,,,,,,,,,,
R40,,,,,,,,,,,,,,,,,,,,,,,,,,,,,,,,,,,,,,,,,,,,,,,,,,,,,,,,,,,,,,,,,,,,,,,,,,,,,,,,,,,,,,,,,,,,,,,,,,,,,,,,,,,,,,,,,,,,,,,
R41,,,,,,,,,,,,,,,,,,,,,,,,,,,,,,,,,,,,,,,,,,,,,,,,,,,,,,,,,,,,,,,,,,,,,,,,,,,,,,,,,,,,,,,,,,,,,,,,,,,,,,,,,,,,,,,,,,,,,,,
R42,,,,,,,,,,,,,,,,,,,,,,,,,,,,,,,,,,,,,,,,,,,,,,,,,,,,,,,,,,,,,,,,,,,,,,,,,,,,,,,,,,,,,,,,,,,,,,,,,,,,,,,,,,,,,,,,,,,,,,,
R43,,,,,,,,,,,,,,,,,,,,,,,,,,,,,,,,,,,,,*/ɡˈoːrpa/,,,,,,,,,,,,,,,,,,,,,,,,,,,,,,,,,,,,,,,,,,,,,,,,,,,,,,,,,,,,,,,,,,,,,,,,,,,,,,,,,,
R44,,,,,,,,,,,,,,,,,,,,,,,,,,,,,,,,,,,,,,,,,,,,,,,,,,,,,,,,,,,,,,,,,,,,,,,,,,,,,,,,,,,,,,,,,,,,,,,,,,,,*/ammˈorɡuʃ/,*/mˈorɡuʃ/,,,,,,,,,,,,,,,,,,
R45,,,,,,,,,,,,,,,,,,,,,,,,,,,,,,,,,,,,,,,,,,,,,,,,,,,,,,,,,,,,,,,,,,,,,,,,,,,,,,,,,,,,,,,,,,,,,,,,,,,,,,,,,,,,,,,,,,,,,,,
R46,,,,,,,,,,,,,,,,,,,,,,,,,,,,,,,,,,,,,,,,,,,,,,,,,,,,,,,,,,,,,,,,,,,,,,,,,,,,,,,,,,,,,,,,,,,,,,,,,,,,,,,,,,,,,,,,,,,,,*/ˈabluʃ/,,
R47,,,,,,,,,,,,,,,,,,,,,,,,,,,,,,,,,,,,,,,,,,,,,,,,,,,,,,*/wˈed͡zlɛː/,,,,,,,,,,,,,,,,,,,,,,,,,,,*/brˈustlɛː/,,,,,,,*/mˈoːd͡zlɛː/,,,,,,,,,,,,,,,,,,,,,,,,,,,,,,,
R48,,,,,,,,,,,,,,,,,,,,,,,,,,,,,,,,,,,,,,,,,,,,,,,,,,,,,,,,,,,,,,,,,,,,,,,,,,,,,,,,,,,,,,,,,,,,,*/mˈuɡluʃ/,,,,,,,,,,,,,,,,,,,,,,,*/nˈeɡla/,,,
R49,,,,,,,,,,,,,,,,,,,,,,,,,,,,,,,,,,,,,,,,,,,,,,,,,,,,,,,,,,,,,,,,,,,,,,,,,,,,,,,,,,,,,,,,,,,,,,,,,,,,,,,,,,,,,,,,,,,,,,,
R50,,,,,,,,,,,,,,,,,,,,,,,,,,,,,,,,,,,,,,,,,,,,,,,,,,,,,,,,,,,,,,,,,,,,,,,,,,,,,,,,,,,,,,,,,,,,,,,,,,,,,,,,,,,,,,,,,,,,,,,
R51,,,,,,,,,,,,,,,,,,,,,,,,,,,,,,,,,,,,,,,,,,,,,,,,,,,,,,,,,,,,,,,,,,,,,,,,,,,,,,,,,,,,,,,,,,,,,,,,,,,,,,,,,,,,,,,,,,,,,,,
R52,,,,,,,,,,,,,,,,,,,,,,,,,,,,,,,,,,,,,,,,,,,,,,,,,,,,,,,,,,,,,,,,,,,,,,,,,,,,,,,,,,,,,,,,,,,,,,,,,,,,,,,,,,,,,,,,,,,,,,,
R53,,,,,,,,,,,,,,,,,,,,,,,,,,,,,,,,,,,,,,,,,,,,,,,,,,,,,,,,,,,,,,,,,,,,,,,,,,,,,,,,,,,,,,,,,,,,,,,,,,,,,,,,,,,,,,,,,,,,,,,
R54,,,,,,,,,,,,,,,,,*/est͡sɐrmˈa/,,,,,,,,,,,,,,,,,,,,,,,,,,,,,,,,,,,,,,,,,,,,,,,,,,,,,,,,,,,,,,,,,,,,,,,,,,,,,,,,,,,,,,,,,,,,,,,,,,,,,,
R55,,,,,,,,,,,,,,,,,,,,,,,,,,,,,,,,,,,,,,,,,,,,,,,,,,,,,,,,,,,,,,,,,,,,,,,,,,,,,,,,,,,,,,,,,,,,,,,,,,,,,,,,,,,,,,,,,,,,,,,
R56,,,,,,,,,,,,,,,,,,,,,,,,,,,,,,,,,,,,,,,,,,,,,,,,,,,,,,,,,,,,,,,,,,,,,,,,,,,,,,,,,,,,,,,,,,,,,,,,,,,,,,,,,,,,,,,,,,,,,,,
R57,,,,,,,,,,,,,,,,,,,,,,,,,,,,,,,,,,,,,,,,,,,,,,,,,,,,,,,,,,,,,,,,,,,,,,,,,,,,,,,,,,,,,,,,,,,,,,,,,,,,,,,,,,,,,,,,,,,,,,,
R58,,,,,,,,,,,,,,,,,,,,,,,,,,,,,,,,,,,,,,,,,,,,,,,,,,,,,,,,,,,,,,,,,,,,,,,,,,,,,,,,,,,,,,,,,,,,,,,,,,,,,,,,,,,,,,,,,,,,,,,
R59,,,,,,,,,,,,,,,,,,,,,,,,,,,,,,,,,,,,,,,,,,,,,,,,,,,,,,,,,,,,,,,,,,,,,,,,,,,,,,,,,,,,,,,,,,,,,,,,,,,,,,,,,,,,,,,,,,,,,,,
R60,,,,,,,,,,,,,,,,,,,,,,,,,,,,,,,,,,,,,,,,,,,,,,,,,,,,,,,,,,,,,,,,,,,,,,,,,,,,,,,,,,,,,,,,,,,,,,,,,,,,,,,,,,,,,,,,,,,,,,,
R61,,,,,,,,,,,,,,,,,,,,,,,,,,,,,,,,,,,,,,,,,,,,,,,,,,,,,,,,,,,,,,,,,,,,,,,,,,,,,,,,,,,,,,,,,,,,,,,,,,,,,,,,,,,,,,,,,,,,,,,
R62,,,,,,,,,,,,,,,,,,,,,,,,,,,,,,,,,,,,,,,,,,,,,,,,,,,,,,,,,,,,,,,,,,,,,,,,,,,,,,,,,,,,,,,,,,,,,,,,,,,,,,,,,,,,,,,,,,,,,,,
R63,,,,,,,,,,,,,,,,,,,,,,,,,,,,,,,,,,,,,,,,,,,,,,,,,,,,,,,,,,,,,,,,,,,,,,,,,,,,,,,,,*/brˈusklɛː/,,,,,,,,,,,,,,,,,,,,,,,,,,,,,,,,,,,,,,
R64,,,,,,,,,,,,,,,,,,,,,,,,,,,,,,,,,,,,,,,,,,,,,,,,,,,,,,,,,,,,,,,,,,,,,,,,,,,,,,,,,,,,,,,,,,,,,,,,,,,,,,,,,,,,,,,,,,,,,,,
R65,,,,,,,,,,,,,,,,,,,,,,,,,,,,,,,,,,,,,,,,,,,,,,,,,,,,,,,,,,,,,,,,,,,,,,,,,,,,,,,,,,,,,,,,,,,,,,,,,,,,,,,,,,,,,,,,,,,,,,,
R66,,,,,,,,,,,,,,,,,,,,,,,,,,,,,,,,,,,,,,,,,,,,,,,,*/kʷupnˈaː/,,,,,,,,,,,,,,,,,,,,,,,,,,,,,,,,,,,,,,,,,,,,,,,,,,,,,,,,,,,,,,,,,,,,,,,
R67,,,,,,,,,,,,*/t͡srˈakuʃ/,*/tɐt͡srˈakuʃ/,,,,,,,,,,,,,,,,,,,,,,,,,,,,,,,,,,,,,,,,,,,,,,,,,,,,,,,,,,,,,,,,,,,,,,,,,,,,,,,,,,,,,,,,,,,,,,,,,,,,,,,,,,
R68,,,,,,,,,,,,,,,,,,,,,,,,,,,,,,,,,,,,,,,,,,,,,,,,,,,,,,,,,,,,,,,,,,,,,,,,,,,,,,,,,,,,,,,,,,,,,,,,,,,,,,,,,,,,,,,,,,,,,,,
R69,,,,,,,,,,,,,,,,,,,,,,,,,,,,,,,,,,,,,,,,,,,,,,,,,,,,,,,,,,,,,,,,,,,,,,,,,,,,,,,,,,,,,,,,,,,,,,,,,,,,,,,,,,,,,,,,,,,,,,,
R70,,,,,,,,,,,,,,,,,,,,,,,,,,,,,,,,,,,,,,,,,,,,,,,,,,,,,,,,,,,,,,,,,,,,,,,,,,,,,,,,,,,,,,,,,,,,,,,,,,,,,,,,,,,,,,,,,,,,,,,
R71,,,,,,,,,,,,,,,,,,,,,,,,,,,,,,,,,,,,,,,,,,,,,,,,,,,,,,,,,,,,,,,,,,,,,,,,,,,,,,,,,,,,,,,,,,,,,,,,,,,,,,,,,,,,,,,,,,,,,,,
R72,,,,,,,,,,,,,,,,,,,,,,,,,,,,,,,,,,,,,,,,,,,,,,,,,,,,,,,,,,,,,,,,,,,,,,,,,,,,,,,,,,,,,,,,,,,,,,,,,,,,,,,,,,,,,,,,,,,,,,,
R73,,,,,,,,,,,,,,,,,,,,,,,,,,,,,,,,,,,,,,,,,,,,,,,,,,,,,,,,,,,,,,,,,,,,,,,,,,,,,,,,,,,,,,,,,,,,,,,,,,,,,,,,,,,,,,,,,,,,,,,
R74,,,,,,,,,,,,,,,,,,,,,,,,,,,,,,,,,,,,,,,,,,,,,,,,,,,,,,,,,,,,*/boːnɡˈeːtu/,,,,,,,,,,,,,,,,,,,,,,,,,,,,,,,,,,,,,,,,,,,,,,,,,,,,,,,,,,,
R75,,,,,,,,,,,,,,,,,,,,,,,,,,,,,,,,,,,,,,,,,,,,,,,,,,,,,,,,,,,,,,,,,,,,,,,,,,,,,,,,,,,,,,,,,,,,,,,,,,,,,,,,,,,,,,,,,,,,,,,
R76,,,,,,,,,,,,,,,,,,,,,,,,,,,,,,,*/kummˈat/,,,,,,,,,,,,,,,,,,,,,,,,,,,,,,,,,,,,,,,,,,,,,,,,,,,,,,,,,,,,,,,,,,,,,,,,,,,,,,,,,,,,,,,,
R77,,,,,,,,,,,,,,,,,,,,,,,,,,,,,,,,,,,,,,,,,,,,,,,,,,,,,,,,,,,,,,,,,,,,,,,,,,,,,,,,,,,,,,,,,,,,,,,,,,,,,,,,,,,,,,,,,,,,,,,
R78,,,,,,,,,,,,,,,,,,,,,,,,,,,,,,,,,,,,,,,,,,,,,,,,,,,,,,,,,,,,,,,,,,,,,,,,,,,,,,,,,,,,,,,,,,,,,,,,,,,,,,,,,,,,,,,,,,,,,,,
R79,,,,,,,,,,,,,,,,,,,,,,,,,,,,,,,,,,,,,,,,,,,,,,,,,,,,,,,,,,,,,,,,,,,,,,,,,,,,,,,,,,,,,,,,,,,,,,,,,,,,,,,,,,,,,,,,,,,,,,,
R80,,,,,,,,,,,,,,,,,,,,,,,,,,,,,,,,,,,,,,,,,,,,,,,,,,,,,,,,,,,,,,,,,,,,,,,,,,,,,,,,,,,,,,,,,,,,,,,,,,,,,,,,,,,,,,,,,,,,,,,
R81,,,,,,,,,,,,,,,,,,,,,,,,,,,,,,,,,,,,,,,,,,,,,,,,,,,,,,,,,,,,,,,,,,,,,,,,,,,,,,,,,,,,,,,,,,,,,,,,,,,,,,,,,,,,,,,,,,,,,,,
R82,,,,,,,,,,,,,,,,,,,,,,,,,,,,,,,,,,,,,,,,,,,,,,,,,,,,,,,,,,,,,,,,,,,,,,,,,,,,,,,,,,,,,,,,,,,,,,,,,,,,,,,,,,,,,,,,,,,,,,,
R83,,,,,,,,,,,,,,,,,,,,,,,,,,,,,,,,,,,,,,,,,,,,,,,,,,,,,,,,,,,,,,,,,,,,,,,,,,,,,,,,,,,,,,,,,,,,,,,,,,,,,,,,,,,,,,,,,,,,,,,
R84,,,,,,,,,,,,,,,,,,,,,,,,,,,,,,,,,,,,,,,,,,,,,,,,,,,,,,,,,,,,,,,,,,,,,,,,,,,,,,,,,,,,,,,,,,,,,,,,,,,,,,,,,,,,,,,,,,,,,,,
R85,,,,,,,,,,,,,,,,,,,,,,,*/dˈoːβina/,,,,,,,,,,,,,,,,,,,,,,,,,,,,,,,*/βˈed͡zlɛː/,*/βˈoːla/,,,,,,,,,,,,*/bˈulβədjuʃ/,,,,,,,,,,,,,,,*/bˈaʎβa/,*/bˈoːʎβa/,*/boːʎβˈawruʃ/,,,,,,,,,,,*/melβˈaju/,*/melβˈura/,*/melβˈiːɡa/,*/mˈeluβos/,,,,,,,*/drˈoːβja/,,,,,,,,,,,,,,*/lββˈurda/
R86,,,,,,,,,,,,,,,,,,,,,,,,,,,,,,,,,,,,,,,,,,,,,,,,,,,,,,,,,,,,,,,,,,,,,,,,,,,,,,,,,,,,,,,,,,,,*/mˈaːskuʃ/,,,,,,,,,,,,,,,,,,,,,,,,,,,
R87,,,,,,,,,,,,,,,,,,,,,,,,,,,,,,,,,,,,,,,,,,,,,,,,,,,,,,,,,,,,,,,,,,,,,,,,,,,,,,,,,,,,,,,,,,,,,,,,,,,,,,,,,,,,,,,,,,,,,,,
R88,,,,,,,,,,,,,,,,,,,,,,,,,,,,,,,,,,,,,,,,,,,,,,,,,,,,,,,,,,,,,,,,,,,,,,,,,,,,,,,,,,,,,,,,,,,,,,,,,,,,,,,,,,,,,,,,,,,,,,,
R89,,,,,,,,,,,,,,,,,,,,,,,,,,,,,,,,,,,,,,,,,,,,,,,,,,,,,,,,,,,,,,,,,,,,,,,,,,,,,,,,,,,,,,,,,,,,,,,,,,,,,,,,,,,,,,,,,,,,,,,
R90,,,,,,,,,,,,,,,,,,,,,,,,,,,,,,,,,,,,,,,,,,,,,,,,,,,,,,,,,,,,,,,,,,,,,,,,,,,,,,,,,,,,,,,,,,,,,,,,,,,,,,,,,,,,,,,,,,,,,,,
R91,,,,,,,,,,,,,,,,,,,,,,,,,,,,,,,,,,,,,,,,,,,,,,,,,,,,,,,,,,,,,,,,,,,,,,,,,,,,,,,,,,,,,,,,,,,,,,,,,,,,,,,,,,,,,,,,,,,,,,,
R92,,,,,,,,,,,,,,,,,,,,,,,,,,,,,,,,,,,,,,,,,,,,,,,,,,,,,,,,,,,,,,,,,,,,,,,,,,,,,,,,,,,,,,,,,,,,,,,,,,,,,,,,,,,,,,,,,,,,,,,
R93,,,,,,,,,,,,,,,,,,,,,,,,,,,,,,,,,,,,,,,,,,,,,,,,,,,,,,,,,,,,,,,,,,,,,,,,,,,,,,,,,,,,,,,,,,,,,,,,,,,,,,,,,,,,,,,,,,,,,,,
R94,,,,,,*/t͡ʃˈuptuʃ/,,,,,,,,,,,,,,,,,,,,,,,,,,,,,,,,,,,,,,,,,,,,,,,,,,,,,,,,,,,,,,,,,,,,,,,,,,,,,,,,,,,,,,,,,,,,,,,,,,,,,,,,,,,,,,,,,
R95,,,,,,,,,,,,,,,,,,,,,,,,,,,,,,,,,,,,,,,,,,,,,,,,,,,,,,,,,,,,,,,,,,,,,,,,,,,,,,,,,,,,,,,,,,,,,,,,,,,,,,,,,,,,,,,,,,,,,,,
R96,,,,,,,,,,,,,,,,,,,,,,,,,,,,,,,,,,,,,,,,,,,,,,,,,,,,,,,,,,,,,,,,,,,,,,,,,,,,,,,,,,,,,,,,,,,,,,,,,,,,,,,,,,,,,,,,,,,,,,,
R97,,,,,,,,,,,,,,,,,,,,,,,,,,,,,,,,,,,,,,,,,,,,,,,,,,,,,,,,,,,,,,,,,,,,,,,,,,,,,,,,,,,,,,,,,,,,,,,,,,,,,,,,,,,,,,,,,,,,,,,
R98,,,,,,,,,,,,,,,,,,,,,,,,,,,,,,,,,,,,,,,,,,,,,,,,*/kʷunˈaː/,,,,,,,,,,,,,,,,,,,,,,,,,,,,,,,,,,,,,,,,,,,,,,,,,,,,,,,,,,,,,,,,,,,,,,,
R99,,,,,,,,,,,,,,,,,,,,,,,,,,,,,,,,,,,,,,,,,,,,,,,,,,,,,,,,,,,,,,,,,,,,,,,,,,,,,,,,,,,,,,,,,,,,,,,,,,,,,,,,,,,,,,,,,,,,,,,
R100,,,,,,,,,,,,,,,,,,,,,,,,,,,,,,,,,,,,,,,,,,,,,,,,,,,,,,,,,,,,,,,,,,,,,,,,,,,,,,,,,,,,,,,,,,,,,,,,,,,,,,,,,,,,,,,,,,,,,,,
R101,,,,,,,,,,,,,,,,,,,,,,,,,,,,,,,,,,,,,,,,,,,,,,,,,,,,,,,,,,,,,,,,,,,,,,,,,,,,,,,,,,,,,,,,,,,,,,,,,,,,,,,,,,,,,,,,,,,,,,,
R102,,,,,,,,,,,,,,,,,,,,,,,,,,,,,,,,,,,,,,,,,,,,,,,,,,,,,,,,,,,,,,,,,,,,,,,,,,,,,,,,,,,,,,,,,,,,,,,,,,,,,,,,,,,,,,,,,,,,,,,
R103,,,,,,,,,,,,,,,,,,,,,,,,,,,,,,,,,,,,,,,,,,,,,,,,,,,,,,,,,,,,,,,,,,,,,,,,,,,,,,,,,,,,,,,,,,,,,,,,,,,,,,,,,,,*/ispˈond͡ʒju/,,*/istˈana/,*/istˈiːra/,*/istrˈatuʃ/,*/istrˈunɡa/,,,*/istrˈeːpos/,,,,
R104,,,,,,,,,,,,,,,,,,,,,,,,,,,,,,,,,,,,,,,,,,,,,,,,,,,,,,,,,,,,,,,,,,,,,,,,,,,,,,,,,,,,,,,,,,,,,,,,,,,,,,,,,,,,,,,,,,,,,,,
R105,,,,,,,,,,,,,,,,,,,,,,,,,,,,,,,,,,,,,,,,,,,,,,,,,,,,,,,,,,,,,,,,,,,,,,,,,,,,,,,,,,,,,,,,,,,,,,,,,,,,,,,,,,,,,,,,,,,,,,,
R106,,,,,,,,,,,,,,,,,,,,,,,,,,,,,,,,,,,,,,,,,,,,,,,,,,,,,,,,,,,,,,,,,,,,,,,,,,,,,,,,,,,,,,,,,,,,,,,,,,,,,,,,,,,,,,,,,,,,,,,
R107,,,,,,,,,,,,,,,,,,,,,,,,,,,,,,,,,,,,,,,,,,,,,,,,,,,,,,,,,,,,,,,,,,,,,,,,,,,,,,,,,,,,,,,,,,,,,,,,,,,,,,,,,,,,,,,,,,,,,,,
R108,,,,,,,,,,,,,,,,,,,,,,,,,,,,,,,,,,,,,,,,,,,,,,*/?0ˈoːrna/,,,,,,,*/?0̬ˈernuʃ/,,,,,,,,,,,,,,,,,,,,,,,,,,,,,,,,,,,,,,,,,,,,,,,,,,,,,,,,,,,,,,,,,,
R109,,,,,,,,,*/t͡seˈiːpa/,*/tɐt͡seˈiːpa/,,,,,,,,,,,,,,,,,,,,,,,,,,,,,,,,,,,,,,,,,,,,,,,,,,,,,,,,,,,,,,,,,,,,,,,,,,,,,,,,,,,,,,,,,,,,,,,,,,,,,,,,,,,,,
R110,,,,,,,,,*/t͡siˈiːpa/,*/tɐt͡siˈiːpa/,,,,,,,,,,,,,,,,,,,,,,,,,,,,,,,,,,,,,,,,,,,,,,,,,,,,,,,,,,,,,,,,,,,,,,,,,,,,,,,,,,,,,,,,,,,,,,,,,,,,,,,,*/niəpˈertəka/,,,,,
R111,,,,,,,,,,,,,,,,,,,,,,,,,,,,,,,,,,,,,,,,,,,,,,,,,,,,,,,,,,,,,,,,,,,,,,,,,,,,,,,,,,,,,,,,,,,,,,,,,,,,,,,,,,,,,,,,,,*/ni?1pˈertəka/,,,,,
R112,,,,,,,,,,,,,,,,,,,,,,,,,,,,,,,,,,,,,,,,,,,,,,,,,,,,,,,,,,,,,,,,,,,,,,,,,,,,,,,,,,,,,,,,,,,,,,,,,,,,,,,,,,,,,,,,,,,,,,,
R113,,,,,,,,,*/t͡sˈiːpa/,*/tɐt͡sˈiːpa/,,,,,,,,,,,,,,,,,,,,,,,,,,,,,,,,,,,,,,,,,,,,,,,,,,,,,,,,,,,,,,,,,,,,,,,,,,,,,,,,,,,,,,,,,,,,,,,,,,,,,,,,,,,,,
R114,,,,,,,,,,,,,,,,,,,,,,,,,,,,,,,,,,,,,,,,,,,,,,,,,,,,,,,,,,,,,,,,,,,,,,,,,,,,,,,,,,,,,,,,,,,,,,,,,,,,,,,,,,,,,,,,,,*/ni?1̯pˈertəka/,,,,,
R115,,,,,,,,,,,,,,,,,,,,,,,,,,,,,,,,,,,,,,,,,,,,,,,,,,,,,,,,,,,,,,,,,,,,,,,,,,,,,,,,,,,,,,,,,,,,,,,,,,,,,,,,,,,,,,,,,,,,,,,
R116,,,,,,,,,,,,,,,,,,*/d͡zˈɛrna/,*/dˈɛləna/,,*/d͡zˈɛlma/,*/d͡zˈɛluʃ/,,,*/enpərˈɛndɐja/,,,,,,,,*/kerasˈɛja/,,,,,,,*/ɡlˈɛra/,,,*/ɦarɡalˈɛja/,,,,,,,,,,*/?0̬ˈɛrnuʃ/,*/βˈɛd͡zlɛː/,,,*/pupˈɛdja/,,,,,,,,,,,,,,,,,,,,,,,,,,,,,,,,,,,,,,,,,*/mˈɛluβos/,,,,,,,,,,,,,,,*/ʃoːpˈɛrɐla/,*/ni?1̯pˈɛrtəka/,,*/nˈɛɡla/,,,
R117,,,,,,,,,,,,,,,,,,,,,,,,,,,,,,,,,,,,,,,,,,,,,,,,,,,,,,,,,,,,,,,,,,,,,,,,,,,,,,*/brˈadiː/,,,,,,,,,*/mˈad͡ziː/,,,,,,,,,,,,,,,,,,,,,,,,,,,,,,,,
R118,,,,,,,,,,,,,,,,,,,,,,,,,,,,,,,,,,,,,,,,,,,,,*/aɾˈɑːttja/,,,,,,,,,,,,*/pupˈɛddja/,,,,,,,,*/bˈuddja/,*/bubburˈoːddja/,*/bˈulβəddjuʃ/,,,,,,,,,,,,,,,,,,,,,,,,*/mˈanəddjuʃ/,,,,,,,,,,,,,,,,,,,,,,,,,,,,
R119,,,,,,,,,,,,,,,,,,,,,,,,,,,,,,,,,,,,,,,,,,,,,,,,,,,,,,,,,,,,,,,,,,,,,,,,,,,,,,,,,,,,,,,,,,,,,,,,,,,,,,,,,,,,,,,,,,,,,*/ˈaβluʃ/,,
R120,,,,,,,,,,,*/entɐt͡sejpˈaː/,,,,,*/est͡sɐrˈema/,,,,,,,*/dˈoːβena/,,,,,*/koːpˈelluʃ/,,,,,,,,,,,,,,,,,,,,,,,,*/ɡʷʎˈenəpɛː/,,,,,,,*/perrˈɑːnuʃ/,,,,,,,,,,,,,,,,,,,,,,,,,,,,,,,,,,,,,,,,,,,,,,,,*/espˈond͡ʒju/,,*/estˈana/,*/estˈiːra/,*/estrˈatuʃ/,*/estrˈunɡa/,,*/ne?1̯pˈɛrtəka/,*/estrˈeːpos/,,,,
R121,,,,,,,,,,,,,,,,,,,,,,,,,,,,,,,,,,,,,,,,,,,,,,,,,,,,,,,,,,,,,,,,,,,,,,,,,,,,,,,,,,,,,,,,,,,,,,,,,,,,,,,,,,,,,,,,,,,,,,,
R122,*/t͡sˈumbulɛ/,,,,,,,,*/t͡sˈipa/,*/tɐt͡sˈipa/,*/entɐt͡sejpˈa/,,,,,,,,,,,,*/dˈoβena/,,,,,*/kopˈelluʃ/,*/kˈuma/,*/kˈumbəruʃ/,,,,,,,*/ɡˈorpa/,,,,*/at͡sˈinuʃ/,*/ɦˈɛduʃ/,,,*/aɾˈɑttja/,*/?0ˈorna/,,*/kʷunˈa/,,,,*/ɡʷʎˈenəpɛ/,,*/βˈɛd͡zlɛ/,*/βˈola/,,,,*/perrˈɑnuʃ/,*/bonɡˈetu/,*/bˈukuʃ/,*/bˈukoruʃ/,*/bukorˈo/,*/bukorˈɑʃʃuʃ/,,*/bubburˈoddja/,,,,,*/balnˈɑʃʃuʃ/,*/brˈɛnəka/,,,,,*/borˈa/,*/brˈadi/,*/brˈenu/,*/brˈena/,*/brˈusklɛ/,,*/bˈoʎβa/,*/boʎβˈawruʃ/,,*/mˈɛ/,*/mˈad͡zi/,*/mˈod͡zlɛ/,*/mˈotəʃʃuʃ/,*/mˈotəʃʃɛ/,,*/mˈaskuʃ/,,*/mˈoluʃ/,,,*/melβˈiɡa/,,,,,,,,*/drˈoβja/,*/ʒˈuʃjuʃ/,,*/ʒumˈateja/,,*/estˈira/,,,*/ʃopˈɛrɐla/,,*/estrˈepos/,,,,
R123,,,,,,,,,,,,,,,,*/st͡sɐrˈema/,*/st͡sɐrmˈa/,,,,,,,,,,,,,,,,,*/skrˈumuʃ/,*/sɡˈabba/,,,,*/sɡˈarda/,,,,,,,,,,,,,,,,,,,,,,,,,,,,,,,,,,,,,,,,,,,,,,,,,,,,,,,,,,,,,,,,,,,,*/spˈond͡ʒju/,,*/stˈana/,*/stˈira/,*/strˈatuʃ/,*/strˈunɡa/,,,*/strˈepos/,,,,
R124,,,,,,,,,,,,,,,,,,,,,,,,,,,,,,,,,,,,,,,,,,,,,,,,,,,,,,,,,,,,,,,,,,,,,,,,,,,,,,,,,,,,,,,,,,,,,,,,,,,,,,,,,,,,,,,,,,,,,,,
R125,,,,,,,,,,,,,,,,,,,,,,,,,,,,,,,,,,,,,,,,,,,,,,,,,,,,,,,,,,,,,,,,,,,,,,,,,,,,,,,,,,,,,,,,,,,,,,,,,,,,,,,,,,,,,,,,,,,,,,,
R126,,,,,,,,,,,,,,,,,,,,,,,,,,,,,,,,,,,,,,,,,,,,,,,,,,,,,,,,,,,,,,,,,,,,,,,,,,,,,,,,,,,,,,,,,,,,,,,,,,,,,,,,,,,,,,,,,,,,,,,
R127,,,,,,,,,,,,,,,,,,,,,,,,,,,,,,,,,,,,,,,,,,,,,,,,,,,,,,,,,,,,,,,,,,,,,,,,,,,,,,,,,,,,,,,,,,,,,,,,,,,,,,,,,,,,,,,,,,,,,,,
R128,,,,,,,,,,,,,,,,,,,,,,,,,,,,,,,,,,,,,,,,,,,,,,,,,,,,,,,,,,,,,,,,,,,,,,,,,,,,,,,,,,,,,,,,,,,,,,,,,,,,,,,,,,,,,,,,,,,,,,,
R129,,,,,,,,,,,,,,,,,,,,,,,,,,,,,,,,,,,,,,,,,,,,,,,,,,,,,,,,,,,,,,,,,,,,,,,,,,,,,,,,,,,,,,,,,,,,,,,,,,,,,,,,,,,,,,,,,,,,,,,
R130,,,,,,,,,,,,,,,,,,,,,,,,,,,,,,,,*/kalbˈad͡zʲa/,,,,,,,,,,,,,*/aɾˈɑttʲa/,,,,,,,,,,,,*/pupˈɛddʲa/,,,,,,,,*/bˈuddʲa/,*/bubburˈoddʲa/,*/bˈulβəddʲuʃ/,,,,,,,,,,,,,,,,,,,,,,,,*/mˈanəddʲuʃ/,,,,,,,,,,,,,,,,*/spˈond͡zʲu/,,,,,,,,,,,,
R131,,,,,,,,,,,,,,,,,,,,,,,,,,,,,,,,,,,,,,,,,,,,,,,,,,,,,,,,,,,,,,,,,,,,,,,,,,,,,,,,,,,,,,,,,,,,,,,,,,,,,,,,,,,,,,,,,,,,,,,
R132,,,,,,,,,,,,,,,,,,,,,,,,,,,,,,,,,,,,,,,,,,,,,,,,,,,,,,,,,,,,,,,,,,,,,,,,,,,,,,,,,,,,,,,,,,,,,,,,,,,,,,,,,,,,,,,,,,,,,,,
R133,,,,*/?2ˈukəkuʃ/,*/?2ˈuka/,*/?2ˈuptuʃ/,*/?2ˈukətuʃ/,*/?2ˈukəta/,,,,,,,,,,,,,,,,,,,,,,,,,,,,,,,,,,,,,,,,,,,,,,,,,,,,,,,,,,,*/bˈulβədɡʲuʃ/,,,,,,,,,,,,,,,,,,,,,,,,*/mˈanədɡʲuʃ/,,,,,,,,,,,,,,,,,,,,,,,,,,,,
R134,,,,,,,,,,,,,,,,,,,,,,,,,,,,,,,,,,,*/zɡˈabba/,,,,*/zɡˈarda/,,,,,,,,,,,,,,,,,,,,,,,,,,,,,,,,,,,,,,,,,,,,,,,,,,,,,,,,,,,,,,,,,,,,,,,,,,,,,,,,
R135,,,,,,,,,,,,,,,,,,,,,,,,,,,,,,,,,,,,,,,,,,,,,,,,,,,,,,*/bˈɛd͡zlɛ/,,,,,,,,,,,,,,,,,,,,,,,,,,,,,,,,,,,,,,,,,,,,,,,,,,,,,,,,,,,,,,,,,
R136,,,,,,,,,,,,,,,,,,,,,,,,,,,,,,,,,,,,,,,,,,,,,,,,,,,,,,,*/vˈola/,,,,,,,,,,,,,,,,,,,,,,,,,,,,,,,,,,,,,,,,,,,,,,,,,,,,,,,,,,,,,,,,
R137,,,,,,,,,,,,,,,,,,,,,,,,,,,,,,,,,,,,,,,,,,,,,,,,,,,,,,,,,,,,,,,,,,,,,,,,,,,,,,,,,,,,,,,,,,,,,,,,,,,,,,,,,,,,,,,,,,,,,,,
R138,,,,,,,,,,,,,,,,,,,,,,,,,,,,,,,,,,,,,,,,,,,,,,,,,,,,,,,,,,,,,,,,,,,,,,,,,,,,,,,,,,,,,,,,,,,,,,,,,,,,,,,,,,,,,,,,,,,,,,,
R139,,,,,,,,,,,,,,,,,,,,,,,,,,,,,,,,,,,,,,,,,,,,,,,,,,,,,,,,,,,,,,,,,,,,,,,,,,,,,,,,,,,,,,,,,,,,,,,,,,,,,,,,,,,,,,,,,,,,,,,
R140,,,,,,,,,,,,,,,,,,,,,,,,,,,,,,,,,,,,,,,,,,,,,,,,,,,,,,,,,,,,,,,,,,,,,,,,,,,,,,,,,,,,,,,,,,,,,,,,,,,,,,,,,,,,,,,,,,,,,,,
R141,,,,,,,,,,,,,,,,,,,,,,,,,,,,,,,,,,,,,,,,,,,,,,,,,,,,,,,,,,,,,,,,,,,,,,,,,,,,,,,,,,,,,,,,,,,,,,,,,,,,,,,,,,,,,,,,,,,,,,,
R142,,,,,,,,,,,,,,,,,,,,,,,,,,,,,,,,,,,,,,,,,,,,,,,,,,,,,,,,,,,,,,,,,,,,,,,,,,,,,,,,,,,,,,,,,,,,,,,,,,,,,,,,,,,,,,,,,,,,,,,
R143,,,,,,,,,,,,,,,,,,,,,,,,,,,,,,,,,,,,,,,,,,,,,,,,,,,,,,,,,,,,,,,,,,,*/bˈulbədɡʲuʃ/,,,,,,,,,,,,,,,*/bˈaʎba/,*/bˈoʎba/,*/boʎbˈawruʃ/,,,,,,,,,,,*/melbˈaju/,*/melbˈura/,*/melbˈiɡa/,,,,,,,,,,,,,,,,,,,,,,*/lbβˈurda/
R144,,,,,,,,,,,,,,,,,,,,,,,,,,,,,,,,,,,,,,,,,,,,,,,,,,,,,,,,,,,,,,,,,,,,,,,,,,,,,,,,,,,,,,,,,,,,,,,,,,,,,,,,,,,,,,,,,,,,,*/ˈawluʃ/,,
R145,,,*/tɐt͡sˈumbuluʃuʃ/,,,,,,,,,,,,,,,,,,,,,,,*/kapˈuʃa/,,,,,,,,,*/zɡˈaba/,*/ɡrˈapa/,,,,,,,,*/aˈuʃuʃ/,*/aɾˈɑtʲa/,,,,,,,,,,,,*/pupˈɛdʲa/,,,,,,,*/bukorˈɑʃuʃ/,*/bˈudʲa/,*/buburˈodʲa/,*/bˈulbəɡʲuʃ/,,,,*/balnˈɑʃuʃ/,,,,*/burdˈuʃuʃ/,,,,,,,,,,,,,,*/mˈotəʃuʃ/,*/mˈotəʃɛ/,*/mˈanəɡʲuʃ/,,,,,,,,,,,,,*/dˈaʃuʃ/,,,,,,,,,,,,,,*/lapˈuʃuʃ/,
R146,,,,,,,,,,,,,,,,,,,,,,,,,,,,,,,,,,,,,,,,,,,,,,,,,,,,,,,,,,,,,,,,,,,,,,,,,,,,,,,,,,,,,,,,,,,,,,,,,,,,,,,,,,,,,,,,,,,,,,,
R147,,,,,,,,,,,,,,,,,,,,,,,,,,,,,,,,,,,,,,,,,,,,,,,,,,,,,,,,,,,,,,,,,,,,,,,,,,,,,,,,,,,,,,,,,,,,,,,,,,,,,,,,,,,,,,,,,,,,,,,
R148,,,,,,,,,,,,,,,,,,,,,,,,,,,,,,,,,,,,,,,,,,,,,,,,,,,,,,,,,,,,,,,,,,,,,,,,,,,,,,,,,,,,,,,,,,,,,,,,,,,,,,,,,,,,,,,,,,,,,,,
R149,,,,,,,,,,,,,,,,,,,,,,,,,,,,,,,,,,,,,,,,,,,,,,,,,,,,,,,,,,,,,,,,,,,,,,,,,,,,,,,,,,,,,,,,,,,,,,,,,,,,,,,,,,,,,,,,,,,,,,,
R150,,,,,,,,,,,,,,,,,,,,,,,,,,,,,,,,,,,,,,,,,,,,,,,,,,,,,,,,,,,,,,,,,,,,,,,,,,,,,,,,,,,,,,,,,,,,,,,,,,,,,,,,,,,,,,,,,,,,,,,
R151,,,,,,,,,,,,,,,,,,,,,,,*/dˈoena/,,,,,,,,,,,,,,,,,,,,,,,,,,,,,,,,,,,,,,,,,,,,,,,,,,,,,,,,,,,,,,,,,,,,,,,,,,,*/mˈɛluos/,,,,,,,*/drˈoja/,,,,,,,,,,,,,,*/lbˈurda/
R152,,,,,,,,,,,,,,,,,,,,,,,,,,,,,,,,,,,,,,,,,,,,,,,,,,,,,,,,,,,,,,,,,,,,,,,,,,,,,,,,,,,,,,,,,,,,,,,,,,,,,,,,,,,,,,,,,,,,,,,
R153,,,,,,,,,,,,,,,,,,,,,,,,,,,,,,,,,,,,,,,,,,,,,,,,,,,,,,,,,,,,,,,,,,,,,,,,,,,,,,,,,,,,,,,,,,,,,,,,,,,,,,,,,,,,,,,,,,,,,,,
R154,,,,,,,,,,,,,,,,,,,,,,,,,,,,,,,,,,,,,,,,,,,,,,,,,,,,,,,,,,,,,,,,,,,,,,,,,,,,,,,,,,,,,,,,,,,,,,,,,,,,,,,,,,,,,,,,,,,,,,,
R155,,,,,,,,,,,,,,,,,,,,,,,*/dˈojena/,,,,,,,,,,,,,,,,,,,,,,,,,,,,,,,,,,,,,,,,,,,,,,,,,,,,,,,,,,,,,,,,,,,,,,,,,,,,,,,,,,,,,,,,,,,,,,,,
R156,,,,*/?2ˈukʲəkuʃ/,,,*/?2ˈukʲətuʃ/,*/?2ˈukʲəta/,,,,,,,,,,,,,,,,,,,,,,,,,*/kʲerasˈɛja/,,,,,,,,,,,,,,,,,,,,*/d͡ʒʷˈɛrnuʃ/,,,,,,,*/bonɡʲˈetu/,,,,,,,,,,,,,,,,,,,,,,,,,,,,,,,,,,,,,,,,,,,,,,,,,,,,,,,,,,,
R157,,,,,,,,,,,,,,,,,,,,,,,,,,,,,,,,,,,,,,,,,,,,,,,,,,,,,,,,,,,,,,,,,,,,,,,,,,,,,,,,,,,,,,,,,,,,,,,,,,,,,,,,,,,,,,,,,,,,,,,
R158,,,,,,,,,,,,,,,,,,,,,,,,,,,,,,,,,,,,,,,,,,,,,,,,,,,,,,,,,,,,,,,,,,,,,,,,,,,,,,,,,,,,,,,,,,,,,,,,,,,,,,,,,,,,,,,,,,,,,,,
R159,,,,,,,,,,,,,,,,,,,,,,,,,,,,,,,,,,,,,,,,,,,,,,,,,,,,,,,,,,,,,,,,,,,,,,,,,,,,,,,,,,,,,,,,,,,,,,,,,,,,,,,,,,,,,,,,,,,,,,,
R160,,*/t͡sˈumbulu/,*/tɐt͡sˈumbuluʃu/,*/?2ˈukʲəku/,,*/?2ˈuptu/,*/?2ˈukʲətu/,,,,,*/t͡srˈaku/,*/tɐt͡srˈaku/,*/tɐt͡sˈuro/,*/t͡sˈaɾbatu/,,,,,,,*/d͡zˈɛlu/,,,,,,*/kopˈellu/,,*/kˈumbəru/,,,,*/skrˈumu/,,,,*/ɡˈardu/,,,*/at͡sˈinu/,*/ɦˈɛdu/,,*/aˈuʃu/,,,,,*/kʷˈurpɐnu/,,*/ɡʷurmˈad͡ʒu/,,*/d͡ʒʷˈɛrnu/,,,,,,*/perrˈɑnu/,,*/bˈuku/,*/bˈukoru/,,*/bukorˈɑʃu/,,,*/bˈulbəɡʲu/,,,*/bultɐxˈaku/,*/balnˈɑʃu/,,*/bˈard͡zu/,,*/burdˈuʃu/,,,,,,,,,*/boʎbˈawru/,,,,,*/mˈotəʃu/,,*/mˈanəɡʲu/,*/mˈasku/,*/mˈuɡlu/,*/mˈolu/,,,,*/mˈɛluo/,,*/ammˈorɡu/,*/mˈorɡu/,,,*/dˈaʃu/,,*/ʒˈuʃju/,,,,,*/strˈatu/,,,,*/strˈepo/,,*/ˈawlu/,*/lapˈuʃu/,
=Balkan Romance,null*/t͡sˈumbulɛ/,null*/t͡sˈumbulu/,null*/tɐt͡sˈumbuluʃu/,null*/?2ˈukʲəku/,null*/?2ˈuka/,null*/?2ˈuptu/,null*/?2ˈukʲətu/,null*/?2ˈukʲəta/,null*/t͡sˈipa/,null*/tɐt͡sˈipa/,null*/entɐt͡sejpˈa/,null*/t͡srˈaku/,null*/tɐt͡srˈaku/,null*/tɐt͡sˈuro/,null*/t͡sˈaɾbatu/,null*/st͡sɐrˈema/,null*/st͡sɐrmˈa/,null*/d͡zˈɛrna/,null*/dˈɛləna/,null*/d͡zˈala/,null*/d͡zˈɛlma/,null*/d͡zˈɛlu/,null*/dˈojena/,null*/rˈantɐja/,null*/enpərˈɛndɐja/,null*/kapˈuʃa/,null*/kapˈuta/,null*/kopˈellu/,null*/kˈuma/,null*/kˈumbəru/,null*/kummˈat/,null*/kalbˈad͡zʲa/,null*/kʲerasˈɛja/,null*/skrˈumu/,null*/zɡˈaba/,null*/ɡrˈapa/,null*/ɡˈorpa/,null*/ɡˈardu/,null*/zɡˈarda/,null*/ɡlˈɛra/,null*/at͡sˈinu/,null*/ɦˈɛdu/,null*/ɦarɡalˈɛja/,null*/aˈuʃu/,null*/aɾˈɑtʲa/,null*/?0ˈorna/,null*/kʷˈurpət͡sa/,null*/kʷunˈa/,null*/kʷˈurpɐnu/,null*/d͡zˈana/,null*/ɡʷurmˈad͡ʒu/,null*/ɡʷʎˈenəpɛ/,null*/d͡ʒʷˈɛrnu/,null*/bˈɛd͡zlɛ/,null*/vˈola/,null*/ˈurda/,null*/pupˈɛdʲa/,null*/pˈalna/,null*/perrˈɑnu/,null*/bonɡʲˈetu/,null*/bˈuku/,null*/bˈukoru/,null*/bukorˈo/,null*/bukorˈɑʃu/,null*/bˈudʲa/,null*/buburˈodʲa/,null*/bˈulbəɡʲu/,null*/bˈalu/,null*/bˈalta/,null*/bultɐxˈaku/,null*/balnˈɑʃu/,null*/brˈɛnəka/,null*/bˈard͡zu/,null*/bˈard͡za/,null*/burdˈuʃu/,null*/br̩tˈm̩/,null*/borˈa/,null*/brˈadi/,null*/brˈenu/,null*/brˈena/,null*/brˈusklɛ/,null*/bˈaʎba/,null*/bˈoʎba/,null*/boʎbˈawru/,null*/bˈaʎəɡa/,null*/mˈɛ/,null*/mˈad͡zi/,null*/mˈod͡zlɛ/,null*/mˈotəʃu/,null*/mˈotəʃɛ/,null*/mˈanəɡʲu/,null*/mˈasku/,null*/mˈuɡlu/,null*/mˈolu/,null*/melbˈaju/,null*/melbˈura/,null*/melbˈiɡa/,null*/mˈɛluo/,null*/mˈallu/,null*/ammˈorɡu/,null*/mˈorɡu/,null*/marˈarrju/,null*/marˈarru/,null*/dˈaʃu/,null*/drˈoja/,null*/ʒˈuʃju/,null*/spˈond͡zʲu/,null*/ʒumˈateja/,null*/stˈana/,null*/stˈira/,null*/strˈatu/,null*/strˈunɡa/,null*/ʃopˈɛrɐla/,null*/ne?1̯pˈɛrtəka/,null*/strˈepo/,null*/nˈɛɡla/,null*/ˈawlu/,null*/lapˈuʃu/,null*/lbˈurda/
R161,,,,,,,,,,,,*/t͡sɾˈaku/,*/tɐt͡sɾˈaku/,*/tɐt͡sˈuɾo/,,*/st͡sɐɾˈema/,*/st͡sɐɾmˈa/,*/d͡zˈɛɾna/,,,,,,*/ɾˈantɐja/,*/enpəɾˈɛndɐja/,,,,,*/kˈumbəɾu/,,,*/kʲeɾasˈɛja/,*/skɾˈumu/,,*/ɡɾˈapa/,,,,*/ɡlˈɛɾa/,,,,,,*/?0ˈoɾna/,,,,,*/ɡʷuɾmˈad͡ʒu/,,*/d͡ʒʷˈɛɾnu/,,,,,,*/perɾˈɑnu/,,,*/bˈukoɾu/,*/bukoɾˈo/,*/bukoɾˈɑʃu/,,*/bubuɾˈodʲa/,,,,,,*/bɾˈɛnəka/,,,,,*/boɾˈa/,*/bɾˈadi/,*/bɾˈenu/,*/bɾˈena/,*/bɾˈusklɛ/,,,*/boʎbˈawɾu/,,,,,,,,,,,,*/melbˈuɾa/,,,,,,*/maɾˈarɾju/,*/maɾˈarɾu/,,*/dɾˈoja/,,,,,*/stˈiɾa/,*/stɾˈatu/,*/stɾˈunɡa/,*/ʃopˈɛɾɐla/,,*/stɾˈepo/,,,,
R162,,,,,,,,,,,,,,,,,,,,,,,,*/rɾˈantɐja/,,,,,,,,,,,,,,,,,,,,,,,,,,,,,,,,,,,,,,,,,,,,,,,,,,,,,,,,,,,,,,,,,,,,,,,,,,,,,,,,,,,,,,,,,,,,,,,
R163,,,,,,,,,,,,,,,,,,,,,,,,,,,,,,,,,,,,,,,,,,,,,,,,,,,,,,,,,,,,,,,,,,,,,,,,,,,,,,,,,,,,,,,,,,,,,,,,,,,,,,,,,,,,,,,,,,,,,,,
R164,,,,,,,,,,,,,,,,,,,,,,,,,,,,,,,,,,,,,,,,,,,,,,,,,,,,,,,,,,,,,,,,,,,,,,,,,,,,,,,,,,,,,,,,,,,,,,,,,,,,,,,,,,,,,,,,,,,,,,,
R165,,,,,,,,,,,*/antɐt͡sejpˈa/,,,,,,,,,,,,,,*/anpəɾˈɛndɐja/,,,,,,,,,,,,,,,,,,,,,,,,,,,,,,,,,,,,,,,,,,,,,,,,,,,,,,,,,,,,,,,,,,,,,,,,,,,,,,,,,,,,,,,,,,,,,,
R166,,,,,,,,,,,,,,,,,,,,,,,,,,,,,,,,,,,,,,,,,,,,,,,,,,,,,,,,,,,,,,,,,,,,,,,,,,,,,,,,,,,,,,,,,,,,,,,,,,,,,,,,,,,,,,,,,,,,,,,
R167,,,,,,,,,,,,,,,,,,,,,,,,,,,,,,,,,,,,,,,,,,,,,,,,,,,,,,,,,,,,,,,,,,,,,,,,,,,,,,,,,,,,,,,,,,,,,,,,,,,,,,,,,,,,,,,,,,,,,,,
R168,,,,,,,,,,,,,,,,,,,,,,,,,*/anpəɾˈendɐja/,,,,,,,,,,,,,,,,,,,,,,,,,,,,,,,,,,,,,,,,,,,,,,,,,,,,,,,,,,,,,,,,,,,,,,,,,,,,,,,,,,,,,,,,,,,,,,
R169,,,,,,,,,,,,,,,,,,,,,,,,,,,,,,,,,,,,,,,,,,,,,,,,,,,,,,,,,,,,,,,,,,,,,,,,,,,,,,,,,,,,,,,,,,,,,,,,,,,,,,,,,,,,,,,,,,,,,,,
R170,,,,,,,,,,,,,,,,,,*/d͡zjˈɛɾna/,*/djˈɛləna/,,*/d͡zjˈɛlma/,*/d͡zjˈɛlu/,,,,,,,,,,,*/kʲeɾasjˈɛja/,,,,,,,,,,*/ɦarɡaljˈɛja/,,,,,,,,,,*/d͡ʒʷjˈɛɾnu/,*/bjˈɛd͡zlɛ/,,,*/pupjˈɛdʲa/,,,,,,,,,,,,,,,,,,,,,,,,,,,,,*/mjˈɛ/,,,,,,,,,,,,*/mjˈɛluo/,,,,,,,,,,,,,,,*/ʃopjˈɛɾɐla/,*/ne?1̯pjˈɛrtəka/,,*/njˈɛɡla/,,,
R171,,,,,,,,,,,,,,,,,,,,,,,,,,,,,,,,,,,,,,,,,,,,,,,,,,,,,,,,,,,,,,,,,,,,,,,,,,,,,,,,,,,,,,,,,,,,,,,,,,,,,,,,,,,,,,,,,,,,,,,
R172,,,,,,,,,,,,,,,,,,,,,,,,,,,,,,,,,,,,,,,,,,,,,,,,,,,,,,,,,,,,,,,,,,,,,,,,,,,,,,,,,,,,,,,,,,,,,,,,,,,,,,,,,,,,,,,,,,,,,,,
R173,*/t͡sˈumbule/,,*/tɑt͡sˈumbuluʃu/,,,,,,,*/tɑt͡sˈipa/,*/antɑt͡sejpˈa/,,*/tɑt͡sɾˈaku/,*/tɑt͡sˈuɾo/,,*/st͡sɑɾˈema/,*/st͡sɑɾmˈa/,*/d͡zjˈeɾna/,*/djˈeləna/,,*/d͡zjˈelma/,*/d͡zjˈelu/,,*/rɾˈantɑja/,*/anpəɾˈendɑja/,,,,,,,,*/kʲeɾasjˈeja/,,,,,,,*/ɡlˈeɾa/,,*/ɦˈedu/,*/ɦarɡaljˈeja/,,,,,,*/kʷˈurpɑnu/,,,*/ɡʷʎˈenəpe/,*/d͡ʒʷjˈeɾnu/,*/bjˈed͡zle/,,,*/pupjˈedʲa/,,,,,,,,,,,,,*/bultɑxˈaku/,,*/bɾˈenəka/,,,,,,,,,*/bɾˈuskle/,,,,,*/mjˈe/,,*/mˈod͡zle/,,*/mˈotəʃe/,,,,,,,,*/mjˈeluo/,,,,,,,,,,,,,,,*/ʃopjˈeɾɑla/,*/ne?1̯pjˈertəka/,,*/njˈeɡla/,,,
R174,,,,,,,,,,,,,,,,,,,,,,,,,,,,,,,,,,,,,,,,,,,,,,,,,,,,,,,,,,,,,,,,,,,,,,,,,,,,,,,,,,,,,,,,,,,,,,,,,,,,,,,,,,,,,,,,,,,,,,,
R175,,,,,,,,,,,,,,,,,,,,,,,,,,,,,,,,,,,,,,,,,,,,,,,,,,,,,,,,,,,,,,,,,,,,,,,,,,,,,,,,,,,,,,,,,,,,,,,,,,,,,,,,,,,,,,,,,,,,,,,
R176,,,,,,,,,,,,,,*/tɑt͡sˈuɾu/,,,,,,,,,,,,,,,,,,,,,,,,,,,,,,,,,,,,,,,,,,,,,,*/bunɡʲˈetu/,,*/bˈukuɾu/,*/bukuɾˈo/,*/bukuɾˈɑʃu/,,,,,,,,,,,,,*/buɾˈa/,,,,,,,,,,,,,,,,,,,,,*/mjˈeluu/,,,,,,,,,,,,,,,,,*/stɾˈepu/,,,,
R177,,,,,,,,,,,,,,,,,,,,,,,,,,,,,,,,,,,,,,,,,,,,,,,,,,,,,,,,,,,,,,,,,,,,,,,,,,,,,,,,,,,,,,,,,,,,,,,,,,,,,,,,,,,,,,,,,,,,,,,
R178,,,,,,,,,,,,,,,,,,,,,,,,,,,,,,,,,,,,,,,,,,,,,,,,,,,,,,,,,,,,,,,,,,,,,,,,,,,,,,,,,,,,,,,,,,,,,,,,,,,,,,,,,,,,,,,,,,,,,,,
R179,,,,,,,,,,,,,,,,,,,,,,,,,,,,,,,,,,,,,,,,,,,,,,,,,,,,,,,,,,,,,,,,,,,,,,,,,,,,,,,,,,,,,,,,,,,,,,,,,,,,,,,,,,,,,,,,,,,,,,,
R180,,,,,,,,,,,,,,,,,,,,,,,,,,,,,,,,,,,,,,,,,,,,,,,,,,,,,,,,,,,,,,,,,,,,,,,,,,,,,,,,,,,,,,,,,,,,,,,,,,,,,,,,,,,,,,,,,,,,,,,
R181,*/t͡sˈumbuɾe/,*/t͡sˈumbuɾu/,*/tɑt͡sˈumbuɾuʃu/,,,,,,,,,,,,,,,,*/djˈeɾəna/,*/d͡zˈaɾa/,,*/d͡zjˈeɾu/,,,,,,,,,,,,,,,,,,,,,,,,,,,,,,,,,*/vˈoɾa/,,,,,,,,,,,,,*/bˈaɾu/,,,,,,,,,,,,,,,,,,,,,,,,,,*/mˈoɾu/,,,,*/mjˈeɾuu/,,,,,,,,,,,,,,,*/ʃopjˈeɾɑɾa/,,,,,,
R182,,,,,,,,,,,,,,,,,,,,,,,,,,,,,,,,,,,,,,,,,,,,,,,,,,,,,,,,,,,,,,,,,,,,,,,,,,,,,,,,,,,,,,,,,,,,,,,,,,*/mjˈeɾuw/,,,,,,,,,,,,,,,,,,,,,
R183,,,,,,,,,,,,,,,,,,,,,,,,,,,,,,,,,,,,,,,,,,,,,,,,,,,,,,,,,,,,,,,,,,,,,,,,,,,,,,,,,,,,,,,,,,,,,,,,,,*/mjˈeɾu/,,,,,,,,,,,,,,,,,,,,,
R184,,,,,,,,,,,,,,,,,,,,,,,,,,,,,,,,,,,,,,,,,,,,,,,,,,,,,,,,,,,,,,,,,,,,,,,,,,,,,,,,,,,,,,,,,,,,,,,,,,,,,,,,,,,,,,,,,,,,,,,
R185,,,,,,,,,,,,,,,,,,,,,,,,,,,,,,,,,,,,,,,,,,,,,,,,,,,,,,,,,,,,,,,,,,,,,,,,,,,,,,,,,,,,,,,,,,,,,,,,,,,,,,,,,,,,,,,,,,,,,,,
R186,,,,,,,,,,,,,,,,,,,,,,,,,,,,,,,,,,,,,,,,,,,,,,,,,,,,,,,,,,,,,,,,,,,,,,,,,,,,,,,,,,,,,,,,,,,,,,,,,,,,,,,,,,,,,,,,,,,,,,,
R187,,,,,,,,,,,,,,,,,,*/d͡zjˈɛɾna/,*/djˈɛɾəna/,,*/d͡zjˈɛlma/,,*/dˈɔjena/,,,,,,,,,,*/kʲeɾasjˈɛja/,,,,*/ɡˈɔrpa/,,,*/ɡlˈɛɾa/,,,*/ɦarɡaljˈɛja/,,,*/?0ˈɔɾna/,,,,,,,,*/bjˈɛd͡zle/,*/vˈɔɾa/,,*/pupjˈɛdʲa/,,,,,,,,,*/bubuɾˈɔdʲa/,,,,,,,,,,,,,,,,,*/bˈɔʎba/,,,,,*/mˈɔd͡zle/,*/mˈɔtəʃu/,*/mˈɔtəʃe/,,,,,,,,,,,,,,,*/dɾˈɔja/,,,,,,,,*/ʃopjˈɛɾɑɾa/,*/ne?1̯pjˈɛrtəka/,,*/njˈɛɡla/,,,
R188,,,,,,,,,,,,,,,,*/st͡sɑɾˈɛma/,,,,,,,,,,,,,,,,,,,,,,,,,,,,,,,,,,,,,,,,,,,,,,,,,,,,,,,,,,,,,,,,,,,,,,,,,,,,,,,,,,,,,,,,,,,,,,,,,,,,,,,
R189,,,,,,,,,,,,,,,,,,,,,,,,,,,,,,,,,,,,,,,,,,,,,,,,,,,,,,,,,,,,,,,,,,,,,,,,,,,,,,,,,,,,,,,,,,,,,,,,,,,,,,,,,,,,,,,,,,,,,,,
R190,,,,,,,,,,,,,,,,,,,,,,,,,,,,,,,,,,,,,,,,,,,,,,,,,,,,,,,,,,,,,,,,,,,,,,,,,,,,,,,,,,,,,,,,,,,,,,,,,,,,,,,,,,,,,,,,,,,,,,,
R191,,,,,,,,,,,,,,,,,,,,,,,,,,,,,,,,,,,,,,,,,,,,,,,,,,,,,,,,,,,,,,,,,,,,,,,,,,,,,,,,,,,,,,,,,,,,,,,,,,,,,,,,,,,,,,,,,,,,,,,
R192,,,,,,,,,,,,,,,,,,,,,,,,,,,,,,,,,,,,,,,,,,,,,,,,,,,,,,,,,,,,,,,,,,,,,,,,,,,,,,,,,,,,,,,,,,,,,,,,,,,,,,,,,,,,,,,,,,,,,,,
R193,,,,,,,,,,,,,,,,,,,,,,,,,,,,,,,,,,,,,,,,,,,,,,,,,,,,,,,,,,,,,,,,,,,,,,,,,,,,,,,,,,,,,,,,,,,,,,,,,,,,,,,,,,,,,,,,,,,,,,,
R194,,,,,,,,,,,,,,,,,,,,,,,,,,,,,,,,,,,,,,,,,,,,,,,,,,,,,,,,,,,,,,,,,,,,,,,,,,,,,,,,,,,,,,,,,,,,,,,,,,,,,,,,,,,,,,,,,,,,,,,
R195,,,,,,,,,*/t͡sjˈipa/,*/tɑt͡sjˈipa/,,,,,,,,,,,,,,,,,,,,,,,,,,,,,,,*/at͡sjˈinu/,,,,,,,,,,,,,,,,,,,,,,,,,,,,,,,,,,,,,*/bɾˈadji/,,,,,,,,,*/mˈad͡zji/,,,,,,,,,,,,,,,,,,,,,,,*/stjˈiɾa/,,,,,,,,,
R196,,,,,,,,,,,,,,,,,,,,,,,,,,,,*/kopˈelu/,,,*/kumˈat/,,,,,,,,,,,,,,,,,,,,,,,,,,,,,,,,,,,,,,,,,,,,,,,,,,,,,,,,,,,,,,,,,,,,*/mˈalu/,*/amˈorɡu/,,,,,,,,,,,,,,,,,,,
R197,,,,,,,,,*/t͡sʲjˈipa/,*/tɑt͡sʲjˈipa/,,,,,,,,*/d͡zʲjˈɛɾna/,*/dʲjˈɛɾəna/,,*/d͡zʲjˈɛlma/,*/d͡zʲjˈeɾu/,,,,,,,,,,,*/kʲeɾasʲjˈɛja/,,,,,,,,*/at͡sʲjˈinu/,,*/ɦarɡalʲjˈɛja/,,,,,,,,,,,,,,,,,,,,,,,,,,,,,,,,,,,*/bɾˈadʲji/,,,,,,,,,*/mˈad͡zʲji/,,,,,,,,,,,,,,,*/maɾˈarɾʲju/,,,,,,,,*/stʲjˈiɾa/,,,,,,*/nʲjˈɛɡla/,,,
R198,,,,,,,,,*/t͡sʲˈipa/,*/tɑt͡sʲˈipa/,,,,,,,,*/d͡zʲˈɛɾna/,*/dʲˈɛɾəna/,,*/d͡zʲˈɛlma/,*/d͡zʲˈeɾu/,,,,,,,,,,,*/kʲeɾasʲˈɛja/,,,,,,,,*/at͡sʲˈinu/,,*/ɦarɡalʲˈɛja/,,,,,,,,,,*/d͡ʒʷˈeɾnu/,,,,,,,,,,,,,,,,,,,,,,,,,*/bɾˈadʲi/,,,,,,,,,*/mˈad͡zʲi/,,,,,,,,,,,,,,,*/maɾˈarɾʲu/,,,,*/ʒˈuʃu/,,,,*/stʲˈiɾa/,,,,,,*/nʲˈɛɡla/,,,
R199,,,,,,,,,,,,,,,,,,,,,,,,,,,,,,,,,,,,,,,,,,,,,,,,,,,,,,,,,,,,,,,,,,,,,,,,,,,,,,,,,,,,,,,,,,,,,,,,,,,,,,,,,,,,,,,,,,,,*/nˈɛɡla/,,,
R200,,,,,,,,,,,,,,,,,,,,,,,,,,,,,,,,,,,,,,,,,,,,,,,,,,,,,,,,,,,,,,,,,,,,,,,,,,,,,,,,,,,,,,,,,,,,,,,,,,,,,,,,,,,,,,,,,,,,,,,
R201,,,,,,,,,,,,,,,,,,,,,,,,,,,,,,,,,,,,,,,,,,,,,,,,,,,,,,,,,,,,,,,,,,,,,,,,,,,,,,,,,,,,,,,,,,,,,,,,,,,,,,,,,,,,,,,,,,,,,,,
R202,,,,,,,,,,,,,,,,,,,,,,,,,,,,,,,,,,,,,,,,,,,,,,,,,,,,,,,,,,,,,,,,,,,,,,,,,,,,,,,,,,,,,,,,,,,,,,,,,,,,,,,,,,,,,,,,,,,,,,,
R203,,,*/tɑt͡sˈumbuɾuɕu/,,,,,,,,,,,,,,,,,,,,,,,*/kapˈuɕa/,,,,,,,*/kʲeɾaɕˈɛja/,,,,,,,,,,*/ɦarɡaʎˈɛja/,*/aˈuɕu/,,,,,,,,,,,,,,,,,,,,*/bukuɾˈɑɕu/,,,,,,,*/balnˈɑɕu/,,,,*/burdˈuɕu/,,,,,,,,,,,,,,*/mˈɔtəɕu/,*/mˈɔtəɕe/,,,,,,,,,,,,,,*/dˈaɕu/,,*/ʑˈuɕu/,,*/ʑumˈateja/,,,,,*/ɕopjˈɛɾɑɾa/,,,,,*/lapˈuɕu/,
R204,,,,,,,,,,,,,,,,,,,,,,,,,,,,,,,,,,,,,,,,,,,,,,,,,,,,,,,,,,,,,,,,,,,,,,,,,,,,,,,,,,,,,,,,,,,,,,,,,,,,,,,,,,,,,,,,,,,,,,,
R205,,,,,,,,,,,,,,,,*/st͡sɑɾˈɛama/,,*/d͡zʲˈɛaɾna/,*/dʲˈɛaɾəna/,,*/d͡zʲˈɛalma/,,*/dˈɔajena/,,,,,,,,,,*/kʲeɾaɕˈɛaja/,,,,*/ɡˈɔarpa/,,,*/ɡlˈɛaɾa/,,,*/ɦarɡaʎˈɛaja/,,,*/?0ˈɔaɾna/,,,,,,,,*/bjˈɛad͡zle/,*/vˈɔaɾa/,,*/pupjˈɛadʲa/,,,,,,,,,*/bubuɾˈɔadʲa/,,,,,,,,,,,,,,,,,*/bˈɔaʎba/,,,,,*/mˈɔad͡zle/,*/mˈɔatəɕu/,*/mˈɔatəɕe/,,,,,,,,,,,,,,,*/dɾˈɔaja/,,,,,,,,*/ɕopjˈɛaɾɑɾa/,*/ne?1̯pjˈɛartəka/,,*/nˈɛaɡla/,,,
R206,,,,,,,,,,,,,,,,*/st͡sɑɾˈeˈama/,,*/d͡zʲˈeˈaɾna/,*/dʲˈeˈaɾəna/,,*/d͡zʲˈeˈalma/,,*/dˈoˈajena/,,,,,,,,,,*/kʲeɾaɕˈeˈaja/,,,,*/ɡˈoˈarpa/,,,*/ɡlˈeˈaɾa/,,,*/ɦarɡaʎˈeˈaja/,,,*/?0ˈoˈaɾna/,,,,,,,,*/bjˈeˈad͡zle/,*/vˈoˈaɾa/,,*/pupjˈeˈadʲa/,,,,,,,,,*/bubuɾˈoˈadʲa/,,,,,,,,,,,,,,,,,*/bˈoˈaʎba/,,,,,*/mˈoˈad͡zle/,*/mˈoˈatəɕu/,*/mˈoˈatəɕe/,,,,,,,,,,,,,,,*/dɾˈoˈaja/,,,,,,,,*/ɕopjˈeˈaɾɑɾa/,*/ne?1̯pjˈeˈartəka/,,*/nˈeˈaɡla/,,,
R207,,,,,,,,,,,,,,,,*/st͡sɑɾe̯ˈama/,,*/d͡zʲe̯ˈaɾna/,*/dʲe̯ˈaɾəna/,,*/d͡zʲe̯ˈalma/,,*/do̯ˈajena/,,,,,,,,,,*/kʲeɾaɕe̯ˈaja/,,,,*/ɡo̯ˈarpa/,,,*/ɡle̯ˈaɾa/,,,*/ɦarɡaʎe̯ˈaja/,,,*/?0o̯ˈaɾna/,,,,,,,,*/bje̯ˈad͡zle/,*/vo̯ˈaɾa/,,*/pupje̯ˈadʲa/,,,,,,,,,*/bubuɾo̯ˈadʲa/,,,,,,,,,,,,,,,,,*/bo̯ˈaʎba/,,,,,*/mo̯ˈad͡zle/,*/mo̯ˈatəɕu/,*/mo̯ˈatəɕe/,,,,,,,,,,,,,,,*/dɾo̯ˈaja/,,,,,,,,*/ɕopje̯ˈaɾɑɾa/,*/ne?1̯pje̯ˈartəka/,,*/ne̯ˈaɡla/,,,
R208,,,,,,,,,,,*/əntɑt͡sejpˈa/,,,,,,,,,,,,,*/rɾˈəntɑja/,*/ənpəɾˈendɑja/,,,,,,,,,,,,,,,,,,,,,,,,,*/d͡zˈəna/,,,,,,,,,,,,,,,,,,,,,,,,,,,,,,,,,,,,,,,,,*/mˈənəɡʲu/,,,,,,,,,,,,,,,,*/spˈund͡zʲu/,,*/stˈəna/,,,,,,,,,,
R209,,,,,,,,,,,,,,,,,,,,,,,,,,,,,,,,,,,,,,,,,,,,,,,,,,,,,,,,,,,,,,,,,,,,,,,,,,,,,,,,,,,,,,,,,,,,,,,,,,,,,,,,,,,,,,,,,,,,,,,
R210,,,,,,,,,,,,,,,,,,,,,,,,,,,,,,,,,,,,,,,,,,,,,,,,,,,,,,,,,,,,,,,,,,,,,,,,,,,,,,,,,,,,,,,,,,,,,,,,,,,,,,,,,,,,,,,,,,,,,,,
R211,,,,,,,,,,,,,,,,,,,,,,,,,,,,,,,,,,,,,,,,,,,,,,,,,,,,,,,,,,,,,,,,,,,,,,,,,,,,,,,,,,,,,,,,,,,,,,,,,,,,,,,,,,,,,,,,,,,,,,,
R212,,,,,,,,,,,,,,,,,,,,,,,,,,,,,,,,,,,,,,,,,,,,,,,,,,,,,,,,,,,,,,,,,,,,,,,,,,,,,,,,,,,,,,,,,,,,,,,,,,,,,,,,,,,,,,,,,,,,,,,
R213,,,,,,,,,,,,,,,,,,,,,,,,,,,,,,,,,,,,,,,,,,,,,,,,,,,,,,,,,,,,,,,,,,,,,,,,,,,,,,,,,,,,,,,,,,,,,,,,,,,,,,,,,,,,,,,,,,,,,,,
R214,,,,,,,,,,,,,,,,,,,,,,,,,,,,,,,,,,,,,,,,,,,,,,,,,,,,,,,,,,,,,,,,,,,,,,,,,,,,,,,,,,,,,,,,,,,,,,,,,,,,,,,,,,,,,,,,,,,,,,,
R215,,,*/tət͡sˈumbuɾuɕu/,,*/?2ˈukə/,,,*/?2ˈukʲətə/,*/t͡sʲˈipə/,*/tət͡sʲˈipə/,*/əntət͡sejpˈa/,,*/tət͡sɾˈaku/,*/tət͡sˈuɾu/,*/t͡sˈaɾbətu/,*/st͡səɾe̯ˈamə/,*/st͡səɾmˈa/,*/d͡zʲe̯ˈaɾnə/,*/dʲe̯ˈaɾənə/,*/d͡zˈaɾə/,*/d͡zʲe̯ˈalmə/,,*/do̯ˈajenə/,*/rɾˈəntəjə/,*/ənpəɾˈendəjə/,*/kəpˈuɕə/,*/kəpˈutə/,,*/kˈumə/,,,*/kəlbˈad͡zʲə/,*/kʲeɾəɕe̯ˈajə/,,*/zɡˈabə/,*/ɡɾˈapə/,*/ɡo̯ˈarpə/,,*/zɡˈardə/,*/ɡle̯ˈaɾə/,,,*/ɦərɡəʎe̯ˈajə/,,*/aɾˈɑtʲə/,*/?0o̯ˈaɾnə/,*/kʷˈurpət͡sə/,,*/kʷˈurpənu/,*/d͡zˈənə/,,,,,*/vo̯ˈaɾə/,*/ˈurdə/,*/pupje̯ˈadʲə/,*/pˈalnə/,,,,,,,*/bˈudʲə/,*/bubuɾo̯ˈadʲə/,,,*/bˈaltə/,*/bultəxˈaku/,*/bəlnˈɑɕu/,*/bɾˈenəkə/,,*/bˈard͡zə/,,,,,,*/bɾˈenə/,,*/bˈaʎbə/,*/bo̯ˈaʎbə/,,*/bˈaʎəɡə/,,,,,,,,,,,*/melbˈuɾə/,*/melbˈiɡə/,,,,,*/məɾˈarɾʲu/,*/məɾˈarɾu/,,*/dɾo̯ˈajə/,,,*/ʑumˈatejə/,*/stˈənə/,*/stʲˈiɾə/,,*/stɾˈunɡə/,*/ɕopje̯ˈaɾəɾə/,*/ne?1̯pje̯ˈartəkə/,,*/ne̯ˈaɡlə/,,*/ləpˈuɕu/,*/lbˈurdə/
R216,,,,,,,,,,,,,,,,,,,,,,,,,,,,,,,,,*/kʲeɾəɕe̯ˈaj/,,,,,,,,,,*/ɦərɡəʎe̯ˈaj/,,,,,,,,,,,,,,,,,,,,,,,,,,,,,,,,,,,,,,,,,,,,,,,,,,,,,,,,,,,,,,*/dɾo̯ˈaj/,,,,,,,,,,,,,,
R217,,,,,,,,,,,,,,,,,,,,,,,,,,,,,,,,,*/kʲeɾəɕe̯ˈa/,,,,,,,,,,*/ɦərɡəʎe̯ˈa/,,,,,,,,,,,,,,,,,,,,,,,,,,,,,,,,,,,,,,,,,,,,,,,,,,,,,,,,,,,,,,*/dɾo̯ˈa/,,,,,,,,,,,,,,
R218,,,,,,,,,,,,,,,,,,,,,,,,,,,,,,,,,,,,,,,,*/ɡʎe̯ˈaɾə/,,,,,,,,,,,,,,,,,,,,,,,,,,,,,,,,,,,,,,,,,*/bɾˈuskʎe/,,,,,,,,,,,,*/mˈuɡʎu/,,,,,,,,,,,,,,,,,,,,,,,*/ne̯ˈaɡʎə/,,,
R219,,,,,,,,,,,,,,,,,,,,,,,,,,,,,,,,,,,,,,,,,,,,,,,,,,,,,,,,,,,,,,,,,,,,,,,,,,,,,,,,,,,,,*/bˈaʎeɡə/,,,,,,,,,,,,,,,,,,,,,,,,,,,,,,,*/ne̯ˈaɡʎe/,,,
R220,,,,,,,,,,,,,,,,,,,,,,,,,,,,,,,,,,,,,,,,,,,,,,,,,,,,,,,,,,,,,,,,,,,,,,,,,,,,,,,,,,,,,,,,,,,,,,,,,,,,,,,,,,,,,,,,,,,,,,,
R221,,,,,,,,,,,,,,,,,,,,,,,,,,,,,,,,,,,,,,,,,,,,,,,,,,,,,,,,,,,,,,,,,,,,,,,,,,,,,,,,,,,,,,,,,,,,,,,,,,,,,,*/məɾˈarjɾu/,,,,,,,,,,,,,,,,,
R222,,,,,,,,,,,,,,,,,,,,,,,,,,,,,,,,,,,,,,,,,,,,,,,,,,,,,,,,,,,,,,,,,,,,,,,,,,,,,,,,,,,,,,,,,,,,,,,,,,,,,,,,,,,,,,*/ʃtˈiɾə/,,,,,,,,,
R223,,,,*/?3ˈuc͡ɕəku/,*/?3ˈukə/,*/?3ˈuptu/,*/?3ˈuc͡ɕətu/,*/?3ˈuc͡ɕətə/,,,,,,,,,,,*/d͡zʲe̯ˈaɾənə/,,,,,,,,,,,,,,*/c͡ɕeɾəɕe̯ˈa/,,,,,,,,,,,,*/aɾˈɑt͡sʲə/,,,,,,,,*/d͡ʒᶣˈeɾnu/,,,,*/pupje̯ˈad͡zʲə/,,,*/bunɟ͡ʑˈetu/,,,,,*/bˈud͡zʲə/,*/bubuɾo̯ˈad͡zʲə/,*/bˈulbəɟ͡ʑu/,,,,,,,,,,,*/bɾˈad͡zʲi/,,,,,,,,,,,,,*/mˈənəɟ͡ʑu/,,,,,,,,,,,,,,,,,,,,,,,,,,,,
R224,,,*/tət͡sˈumbuɾuʃu/,*/t͡ʃˈut͡ʃəku/,*/t͡ʃˈukə/,*/t͡ʃˈuptu/,*/t͡ʃˈut͡ʃətu/,*/t͡ʃˈut͡ʃətə/,*/t͡sˈipə/,*/tət͡sˈipə/,,,,,,,,*/d͡ze̯ˈaɾnə/,*/d͡ze̯ˈaɾənə/,,*/d͡ze̯ˈalmə/,*/d͡zˈeɾu/,,,,*/kəpˈuʃə/,,,,,,*/kəlbˈad͡zə/,*/t͡ʃeɾəʃe̯ˈa/,,,,,,,,*/at͡sˈinu/,,,*/aˈuʃu/,*/aɾˈɑt͡sə/,,,,,,,,*/?4ˈeɾnu/,,,,*/pupje̯ˈad͡zə/,,,*/bund͡ʒˈetu/,,,,*/bukuɾˈɑʃu/,*/bˈud͡zə/,*/bubuɾo̯ˈad͡zə/,*/bˈulbəd͡ʒu/,,,,*/bəlnˈɑʃu/,,,,*/burdˈuʃu/,,,*/bɾˈad͡zi/,,,,,,,,,*/mˈad͡zi/,,*/mo̯ˈatəʃu/,*/mo̯ˈatəʃe/,*/mˈənəd͡ʒu/,,,,,,,,,,,,,*/dˈaʃu/,,*/ʒˈuʃu/,*/spˈund͡zu/,*/ʒumˈatejə/,,,,,*/ʃopje̯ˈaɾəɾə/,,,,,*/ləpˈuʃu/,
R225,,,,,,,,,,,,,,,,,,,,,,,,,,,,,,,,,,,,,,,,,,,,,,,,,,,,,,,,,,,,,,,,,,,,,,,,,,,,,,,,,,,,,,,,,,,,,,,,,,,,,,,,,,,,,,,,,,,,,,,
R226,,,,,,,,,,,,,,,,,,,,,,,,,,,,,,,,,,,,,,,,,,,,,,,,,,,,,,,,,,,,,,,,,,,,,,,,,,,,,,,,,,,,,,,,,,,,,,,,,,,,,,,,,,,,,,,,,,,,,,,
R227,,,,,,,,,,,,,,,,,,,,,,,,,,,,,,,,,,,,,,,,,,,,,,,,,,,,,,,,,,,,,,,,,,,,,,,,,,,,,,,,,,,,,,,,,,,,,,,,,,,,,,,,,,,,,,,,,,,,,,,
R228,,,,,,,,,,,,,,,,,,,,,,,,,,,,,,,,,,,,,,,,,,,,,,,,,,,,*/ɡʷˈenəpe/,,,,,,,,,,,,,,,,,,,,,,,,,,,,,,,,,,*/mˈe/,,,,,,,,,,,,,,,,,,,,,,,,,,,,,,,,,
R229,,,,,,,,,,,,,,,,,,,,,,,,,,,,,,,,,,,,,,,,,,,,,,,,,,,,,,,,,,,,,,,,,,,,,,,,,,,,,,,,,,,,,,,,,,,,,,,,,,,,,,,,,,,,,,,,,,,,,,,
R230,,,,,,,,,,,,,,,,,,,,,,,,,,,,*/kopˈəlu/,,,,,,,,,,,,,,,,,,,,,,,,*/ɡʷˈənəpe/,*/?4ˈəɾnu/,,,,,,,,,,,,,,,,,,,,,,,,,,,,,,,,,,,,,,,,,,*/məlbˈaju/,*/məlbˈuɾə/,,,,,,,,,,,,,,,,,,,,,,,
R231,,,,,,,,,,,,,,,,,,,,,,,,,,,,,,,,,,,,,,,,,,,,,,,,,,,,,,,,,,,,,,,,,,,,,,,,,,,,,,,,,,,,,,,,,,,,,,,,,,,,,,,,,,,,,,,,,,,,,,,
R232,,,,,,,,,,,,,,,,,,,,,,,,,,,,,,,,,,,,,,,,,,,,,,,,,,,,,,,,,,,,,,,,,,,,,,,,,,,,,,,,,,,,,,,,,,,,,,,,,,,,,,,,,,,,,,,,,,,,,,,
R233,,,,,,,,,,,,,,,,,,,,,,,,*/rˈəntəjə/,,,,,,,,,,,,,,,,,,,,,,,,,,,,,,,,,,,*/perˈɑnu/,,,,,,,,,,,,,,,,,,,,,,,,,,,,,,,,,,,,,,,,,,,,*/məɾˈaru/,,,,,,,,,,,,,,,,
R234,,,,,,,,,,,,,,,,,,,,,,,,,,,,,,,,,,,,,,,,,,,,,,,,,,,,,,,,,,,,,,,,,,,,,,,,,,,,,,,,,,,,,,,,,,,,,,,,,,,,,,,,,,,,,,,,,,,,,,,
R235,,,,,,,,,,,,,,,,,,,,,,,,,,,,,,,,,,,,,,,,,,,,,,,,,,,,,,,,,,,,,,,,,,,,,,,,,,,,,,,,,,,,,,,,,,,,,,,,,,,,,,,,,,,,,,,,,,,,,,,
R236,,,,,,,,,,,,,,,,,,,,,,,,,,,,,,,,,,,,,,,,,,,,,,,,,,,,,,,,,,,,,,,,,,,,,,,,,,,,,,,,,,,,,,,,,,,,,,,,,,,,,,,,,,,,,,,,,,,,,,,
R237,,,,,,,,,,,,,,,,,,,,,,,,,*/ənpəɾˈindəjə/,,,,,,,,,,,,,,,,,,,,,,,,,,,,,,,,,,,,,,,,,,,,,,,,,,,,,,,,,,,,,,,,,,,,,,,,,,,,,,,,,,,,,,,,,,,,,,
R238,,,,,,,,,,,,,,,,,,,,,,,,,,,,,,,,,,,,,,,,,,,,,,,,,,,,,,,,,,,,,,,,,,,,,,,,,,,,,,,,,,,,,,,,,,,,,,,,,,,,,,,,,,,,,,,,,,,,,,,
R239,,,,,,,,,,,,,,,,,,,,,,,,,,,,,,,,,,,,,,,,,,,,,,,,,,,,,,,,,,,,,,,,,,,,,,,,,,,,,,,,,,,,,,,,,,,,,,,,,,,,,,,,,,,,,,,,,,,,,,,
R240,,,,,,,,,,,,,,,,,,,,,,,,,,,,,,,,,*/t͡ʃeɾəʃˈa/,,,,,,,,,,,,,,,,,,,,,,,,,,,,,,,,,,,,,,,,,,,,,,,,,,,,,,,,,,,,,,,,,,,,,,,,,,,,,,,,,,,,,,
R241,,,,,,,,,,,,,,,,,,,,,,,,,,,,,,,,,,,,,,,,,,,,,,,,,,,,,,*/bjˈed͡zle/,,,,,,,,,,,,,,,,,,,,,,,,,,,,,,,,,,,,,,,,,,,,,,,,,,,,,,,,,,,,,,*/nˈeɡʎe/,,,
R242,,,,,,,,,,,,,,,,,,,,,,,,,,,,,,,,,,,,,,,,,,,,,,,,,,,,,,,,,,,,,,,,,,,,,,,,,,,,,,,,,*/bɾˈuʃkʎe/,,,,,,,,,,,,,,,,,,,,,,,,,,,,,,,,,,,,,,
R243,,,,,,,,,,,,,,,,,,,,,,,,,,,,,,,,,,,,,,,,,,,,,,,,,,,,,,,,,,,,,,,,,,,,,,,,,,,,,,,,,,,,,,,,,,,,,,,,,,,,,,,,,,,,,,,,,,,,,,,
R244,,,,,,,,,,,,,,,,,,,,,,,*/do̯ˈajinə/,,,,,,,,,,,,,,,,,,,,,,,,,,,,,,,,,,,,,,,,,,,,,,,,,*/bɾˈinəkə/,,,,,,,*/bɾˈinu/,*/bɾˈinə/,,,,,,,,,,,,,,,,,,,,,,,,,,,,,,,,,,,,,,,
R245,,,,,,,,,,,,,,,,,,,,,,,,,,,,,,,,,,,,,,,,,,,,,,,,,,,,,,,,,,,,,,,,,,,,,,,,,,,,,,,,,,,,,,,,,,,,,,,,,,,,,,,,,,,,,,,,,,,,,,,
R246,,,,,,,,,,,,,,,,,,,,,,,,,,,,,,,,,,,,,,,,,,,,,,,,,,,,,,,,,,,,,,,,,,,,,,,,,,,,,,,,,,,,,,,,,,,,,,,,,,,,,,,,,,,,,,,,,,,,,,,
R247,,,,,,,,,,,,,,,,,,,,,,,,,,,,,,,,,,,,,,,,,,,,,,,,,,,,,,,,,,,,,,,,,,,,,,,,,,,,,,,,,,,,,,,,,,,,,,,,,,,,,,,,,,,,,,,,,,,,,,,
R248,,,,,,,,,,,,,,,,,,,,,,,,,,,,,,,,,,,,,,,,,,,,,,,,,,,,,,,,,,,,,,,,,,,,,,,,,,,,,,,,,,,,,,,,,,,,,,,,,,,,,,,,,,,,,,,,,,,,,,,
R249,,,,,,,,,,,,,,,,,,,,,,,,,,,,,,,,,,,,,,,,,,,,,,,,,,,,,,,,,,,,,,,,,,,,,,,,,,,,,,,,,,,,,,,,,,,,,,,,,,,,,,,,,,,,,,,,,,,,,,,
R250,,,,,,,,,,,,,,,,,,,,,,,,,,,,,,,,,,,,,,,,*/ɡe̯ˈaɾə/,,,*/ɦərɡəe̯ˈa/,,,,,,,,,,,,,,*/pupe̯ˈad͡zə/,,,,,,,,,,,,,,,,,,,,,,,,,,,,,,,,,,,,,,,,,,,,,,,,,,,,,,,,*/ʃope̯ˈaɾəɾə/,*/ne?1̯pe̯ˈartəkə/,,,,,
R251,,,,,,,,,,,,,,,,,,,,,,,,,,,,,,,,,,,,,,,,,,,,,,,,,,,,,,,,,,,,,,,,,,,,,,,,,,,,,,,,,,,,,,,,,,,,,,,,,,,,,,,,,,,,,,,,,,,,,,,
R252,,,,,,,,,,,,,,,,,,,,,,,,,,,,,,,,,,,,,,,,,,,,,,,,,,,,,,,,,,,,,,,,,,,,,,,,,,,,,,,,,,,,,,,,,,,,,,,,,,,,,,,,,,,,,,,,,,,,,,,
R253,,,,,,,,,,,,,,,,,,*/d͡zˈaɾnə/,*/d͡zˈaɾənə/,,*/d͡zˈalmə/,,,,,,,,,,,,,,,,,,,,,,,,,,,,,,,,,,,,,,,,,,,,,,,,,,,,,,,,,,,,,,,,,,,,,,,,,,,,,,,,,,,,,,,,,,,,,,,,,,
R254,*/t͡sˈumbure/,*/t͡sˈumburu/,*/tət͡sˈumburuʃu/,,,,,,,,,*/t͡srˈaku/,*/tət͡srˈaku/,*/tət͡sˈuru/,*/t͡sˈarbətu/,*/st͡səre̯ˈamə/,*/st͡sərmˈa/,*/d͡zˈarnə/,*/d͡zˈarənə/,*/d͡zˈarə/,,*/d͡zˈeru/,,,*/ənpərˈindəjə/,,,,,*/kˈumbəru/,,,*/t͡ʃerəʃˈa/,*/skrˈumu/,,*/ɡrˈapə/,,,,*/ɡe̯ˈarə/,,,,,*/arˈɑt͡sə/,*/?0o̯ˈarnə/,,,,,*/ɡʷurmˈad͡ʒu/,,*/?4ˈərnu/,,*/vo̯ˈarə/,,,,,,,*/bˈukuru/,*/bukurˈo/,*/bukurˈɑʃu/,,*/buburo̯ˈad͡zə/,,*/bˈaru/,,,,*/brˈinəkə/,,,,,*/burˈa/,*/brˈad͡zi/,*/brˈinu/,*/brˈinə/,*/brˈuʃkʎe/,,,*/boʎbˈawru/,,,,,,,,,,*/mˈoru/,,*/məlbˈurə/,,*/mjˈeru/,,,,*/mərˈarjru/,*/mərˈaru/,,*/dro̯ˈa/,,,,,*/ʃtˈirə/,*/strˈatu/,*/strˈunɡə/,*/ʃope̯ˈarərə/,,*/strˈepu/,,,,
R255,,,,,,,,,,,,,,,*/t͡sˈarbetu/,,,,,,,,,,,,,,,,,,,,,,,,,,,,,,,,*/kʷˈurpet͡sə/,,*/kʷˈurpenu/,,,,,,,,,,,,,,,,,,,,,,,,,,,,,,,,,,,,,,,,,,,,,,,,,,,,,,,,,,,,,,,,,,,,,,
R256,,,,,,,,,,,*/ɨntət͡sejpˈa/,,,,,,,,*/d͡zˈarɨnə/,,,,,*/rˈɨntəjə/,*/ɨnpərˈindəjə/,,,,,,,,,,,,,,,,,,,,,,,,,*/d͡zˈɨnə/,,*/ɡʷˈɨnəpe/,,,,,,,,,,,,,,,,,,,,,,,,,,,,,,,,,,,,,,,*/mˈɨnəd͡ʒu/,,,,,,,,,,,,,,,,,,*/stˈɨnə/,,,,,,,,,,
R257,,,,,,,,,,,,,,,,,,,,,,,,,,,,,,,,,,,,,,,,,,,,,,,,,,,,,,,,,,,,,,,,,,,,,,,,,,,,,,,,,,,,,,,,,,,,,,,,,,,,,,,,,,,,,,,,,,,,,,,
R258,,,,,,,,,,,,,,,,,,,,,,,,,,,,,,,,,,,,,,,,,,,,,,,,,,,,,,,,,,,,,,,,,,,,,,,,,,,,,,,,,*/brˈuʃkje/,*/bˈajbə/,*/bo̯ˈajbə/,*/bojbˈawru/,*/bˈajeɡə/,,,,,,,,*/mˈuɡju/,,,,,,,,,,,,,,,,,,,,,,,*/nˈeɡje/,,,
R259,,,,,,,,,,,,,,,,,,,,,,,,,,,,,,,,,,,,,,,,,,,,,,,,,,,,,,,,,,,,,,,,,,,,,,,,,,,,,,,,,,,,,,,,,,,,,,,,,,,,,,,,,,,,,,,,,,,,,,,
R260,,,,,,,,,,,,,,,,,,,,,,,,,,,,,,,,,,,,,,,,,,,,,,,,,,,,,,,,,,,,,,,,,,,,,,,,,,,,,,,,,,,,,,,,,,,,,,,,,,,,,,,,,,,,,,,,,,,,,,,
R261,,,,,,,,,,,,,,,,,,,,,,,,,,,,,,,,,,,,,,,,,,,,,,,,,,,,,,,,,,,,,,,,,,,,,,,,,,,,,,,,,,,,,,,,,,,,,,,,,,,,,,,,,,,,,,,,,,,,,,,
R262,,,,,,,,,,,,,,,,,,,,,,,,,,,,,,,,,,,,,,,,,,,,,,,,,,,,,,,,,,,,,,,,,,,,,,,,,,,,,,,,,,,,,,,,,,,,,,,,,,,,,,,,,,,,,,,,,,,,,,,
R263,,,,,,,,,,,,,,,,,,*/zˈarnə/,*/zˈarɨnə/,*/zˈarə/,*/zˈalmə/,*/zˈeru/,,,,,,,,,,*/kəlbˈazə/,,,,,,,,,,,,,,,,,,*/zˈɨnə/,,,,*/bjˈezle/,,,*/pupe̯ˈazə/,,,,,,,,*/bˈuzə/,*/buburo̯ˈazə/,,,,,,,*/bˈarzu/,*/bˈarzə/,,,,*/brˈazi/,,,,,,,,,*/mˈazi/,*/mo̯ˈazle/,,,,,,,,,,,,,,,,,,,*/spˈunzu/,,,,,,,,,,,,
R264,,,,,,,,,,,,,,,,,,,,,,,,,,,,,,,,,,,,,,,,,,,,,,,,,,,*/ɡʷurmˈaʒu/,,,,,,,,,,,,,,,,*/bˈulbəʒu/,,,,,,,,,,,,,,,,,,,,,,,,*/mˈɨnəʒu/,,,,,,,,,,,,,,,,,,,,,,,,,,,,
R265,,,,,,,,,,,,,,,,,,,,,,,,*/rˈɨntəje/,*/ɨnpərˈindəje/,,,,,,,,,,,,,,,,,,,,,,,,,,,,,,,,,,,,,,,,,,,,,,,,,,,,,,,,,,,,,,,,,,,,,,,,,,,,,,,,,,,*/ʒumˈateje/,,,,,,,,,,,
R266,,,,,,,,,,,,*/t͡srˈaɡu/,*/tət͡srˈaɡu/,,,,,,,,,,,,,,,,,,,,,,,,,,,,,,,,,,,,,,,,,,,,,,,,,,,,,,,,,,,,,,,,,,,,,,,,,,,,,,,,,,,,,,,,,,,,,,,,,,,,,,,,,,
R267,,,,,,,,,,,,,,,,,,,,,,,,,,,,,,,,,,,,,,,,,,,,,,,,,,,,,,,,,,,*/perˈɑu/,,,,,,,,,,,,,,,,,,,,,,,,,,,,,,,,,,,,,,,,,,,,,,,,,,,,,,,,,,,,
R268,,,,,,,,,,,,,,,,,,,,,,,,,,,,,,,,,,,,,,,,,,,,,,,,,,,,,,,,,,,,,,,,,,,,,,,,,,,,,,,,,,,,,,,,,,,,,,,,,,,,,,,,,,,,,,,,,,,,,,,
R269,,*/t͡sˈumburw̥/,*/tət͡sˈumburuʃw̥/,*/t͡ʃˈut͡ʃəkw̥/,,*/t͡ʃˈuptw̥/,*/t͡ʃˈut͡ʃətw̥/,,,,,*/t͡srˈaɡw̥/,*/tət͡srˈaɡw̥/,*/tət͡sˈurw̥/,*/t͡sˈarbetw̥/,,,,,,,*/zˈerw̥/,,,,,,*/kopˈəlw̥/,,*/kˈumbərw̥/,,,,*/skrˈumw̥/,,,,*/ɡˈardw̥/,,,*/at͡sˈinw̥/,*/ɦˈedw̥/,,*/aˈuʃw̥/,,,,,*/kʷˈurpenw̥/,,*/ɡʷurmˈaʒw̥/,,*/?4ˈərnw̥/,,,,,,*/perˈɑw̥/,*/bund͡ʒˈetw̥/,*/bˈukw̥/,*/bˈukurw̥/,,*/bukurˈɑʃw̥/,,,*/bˈulbəʒw̥/,*/bˈarw̥/,,*/bultəxˈakw̥/,*/bəlnˈɑʃw̥/,,*/bˈarzw̥/,,*/burdˈuʃw̥/,,,*/brˈazj̊/,*/brˈinw̥/,,,,,*/bojbˈawrw̥/,,,*/mˈazj̊/,,*/mo̯ˈatəʃw̥/,,*/mˈɨnəʒw̥/,*/mˈaskw̥/,*/mˈuɡjw̥/,*/mˈorw̥/,*/məlbˈajw̥/,,,*/mjˈerw̥/,*/mˈalw̥/,*/amˈorɡw̥/,*/mˈorɡw̥/,*/mərˈarjrw̥/,*/mərˈarw̥/,*/dˈaʃw̥/,,*/ʒˈuʃw̥/,*/spˈunzw̥/,,,,*/strˈatw̥/,,,,*/strˈepw̥/,,*/ˈawlw̥/,*/ləpˈuʃw̥/,
R270,,*/t͡sˈumbur/,*/tət͡sˈumburuʃ/,*/t͡ʃˈut͡ʃək/,,*/t͡ʃˈupt/,*/t͡ʃˈut͡ʃət/,,,,,*/t͡srˈaɡ/,*/tət͡srˈaɡ/,*/tət͡sˈur/,*/t͡sˈarbet/,,,,,,,*/zˈer/,,,,,,*/kopˈəl/,,*/kˈumbər/,,,,*/skrˈum/,,,,*/ɡˈard/,,,*/at͡sˈin/,*/ɦˈed/,,*/aˈuʃ/,,,,,*/kʷˈurpen/,,*/ɡʷurmˈaʒ/,,*/?4ˈərn/,,,,,,,*/bund͡ʒˈet/,*/bˈuk/,*/bˈukur/,,*/bukurˈɑʃ/,,,*/bˈulbəʒ/,*/bˈar/,,*/bultəxˈak/,*/bəlnˈɑʃ/,,*/bˈarz/,,*/burdˈuʃ/,,,,*/brˈin/,,,,,*/bojbˈawr/,,,,,*/mo̯ˈatəʃ/,,*/mˈɨnəʒ/,*/mˈask/,*/mˈuɡj/,*/mˈor/,*/məlbˈaj/,,,*/mjˈer/,*/mˈal/,*/amˈorɡ/,*/mˈorɡ/,*/mərˈarjr/,*/mərˈar/,*/dˈaʃ/,,*/ʒˈuʃ/,*/spˈunz/,,,,*/strˈat/,,,,*/strˈep/,,*/ˈawl/,*/ləpˈuʃ/,
R271,,,,,,,,,,,,,,,,,,,,,,,,,,,,,,,,,,,,,,,,,,,,,,,,,,,,,,,,,,,*/perˈɑw/,,,,,,,,,,,,,,,,,,,*/brˈazj/,,,,,,,,,*/mˈazj/,,,,,,,,,,,,,,,,,,,,,,,,,,,,,,,,
R272,,,,,,,,,,,,,,,,,,,,,,,,,,,,,,,,,,,,,,,,,,,,,,,,,,,,,,,,,,,,,,,,,,,,,,,,,,,,,,,,,,,,,,,,,,,,,,,,,,,,,,,,,,,,,,,,,,,,,,,
R273,,,,,,,,,,,,,,,,,,,,,,,,,,,,,,,,,,,,,,,,,,,,,,,,,,,,,,,,,,,,,,,,,,,,,,,,,,,,,,,,,,,,,,,,,,,,,,,,,,,,,,,,,,,,,,,,,,,,,,,
R274,,,,,,,,,,,,,,,,,,,,,,,,,,,,,,,,,,,,,,,,,,,,,,,,,,,,,,,,,,,,,,,,,,,,,,,,,,,,,,,,,,,,,,,,,,,,,,,,,,,,,,,,,,,,,,,,,,,,,,,
R275,,,,,,,,,,,,,,,,,,,,,,,*/do̯ˈainə/,,,,,,,,,,,,,,,,,,,,,,,,,,,,,,,,,,,,,,,,,,,,,,,,,,,,,,,,,,,,,,,,,,,,,,,,,,,,,,,,,,,,,,,,,,,,,,,,
R276,,,,,,,,,,,,,,,,,,,,,,,,,,,,,,,,,,,,,,,,,,,,,,,,,,,,,,,,,,,,,,,,,,,,,,,,,,,,,,,,,,,,,,,,,,,,,,,,,,,,,,,,,,,,,,,,,,,,,,,
R277,,,,,,,,,,,,,,,,,,,,,,,,,,,,,,,,,,,,,,,,,,,,,,,,,,,,,,,,,,,,,,,,,,,,,,,,,,,,,,,,,,,,,,,,,,,,,,,,,,,,,,,,,,,,,,,,,,,,,,,
R278,,,,,,,,,,,,,,,,,,,,,,,,,,,,,,,,,,,,,,,,,,,,,,,,,,,,,,,,,,,,,,,,,,,,,,,,,,,,,,,,,,,,,,,,,,,,,,,,,,,,,,*/mərˈarr/,,,,,,,,,,,,,,,,,
R279,,,,,,,,,,,,,,,,,,,,,,,,,,,,,,,,,,,,,,,,,,,,,,,,,,,,,,,,,,,,,,,,,,,,,,,,,,,,,,,,,,,,,*/bˈajiɡə/,,,,,,,,,,,,,,,,,,,,,,,,,,,,,,,,,,
R280,,,,,,,,,,,,,,,,,,,,,,,,,,,,,,,,,,,,,,,,,,,,,,,,,,,,,,,,,,,,,,,,,,,,,,,,,,,,,,,,,,,,,,,,,,,,,,,,,,,,,,,,,,,,,,,,,,,,,,,
R281,,,,,,,,,,,,,,,,,,,,,,,,,,,,,,,,,,,,,,,,,,,,,,,,,,,,,,,,,,,,,,,,,,,,,,,,,,,,,,,,,,,,,,,,,,,,,,,,,,,,,,,,,,,,,,,,,,,,,,,
R282,,,,,,,,,,,,,,,,,,,,,,,,,,,,,,,,,,,,,,,,,,,,,,,,,,,,,,,,,,,,,,,,,,,,,,,,,,,,,,,,,,,,,,,,,,,,,,,,,,,,,,,,,,,,,,,,,,,,,,,
R283,,,,,,,,,,,,,,,,,,,,,,,,,,,,,,,,,,,,,,,,,,,,,,,,,,,,,,,,,,,,,,,,,,,,,,,,,,,,,,,,,,,,,,,,,,,,,,,,,,,,,,,,,,,,,,,,,,,,,,,
R284,,,,,,,,,,,,,,,,,,,,,,,,,,,,,,,,,,,,,,,,,,,,,,,,,,,,,,,,,,,,,,,,,,,,,,,,,,,,,,,,,,,,,,,,,,,,,,,,,,,,,,,,,,,,,,,,,,,,,,,
R285,,,,,,,,,,,,,,,,,,,,,,,,,,,,,,,,,,,,,,,,,,,,,,,,,,,,,,,,,,,,,,,,,,,,,,,,,,,,,,,,,,,,,,,,,,,,,,,,,,,,,,,,,,,,,,,,,,,,,,,
R286,,,,,,,,,,,,,,,,,,,,,,,,,,,,,,,,,,,,,,,,,,,,,,,,,,,,,,,,,,,,,,,,,,,,,,,,,,,,,,,,,,,,,,,,,,,,,,,,,,,,,,,,,,,,,,,,,,,,,,,
R287,,,,,,,,,,,,,,,,,,,,,,,,,,,,,,,,,,,,,,,,,,,,,,,,,,,,,,,,,,,,,,,,,,,,,,,,,,,,,,,,,,,,,,,,,,,,,,,,,,,,,,,,,,,,,,,,,,,,,,,
R288,,,,,,,,,,,,,,,,,,,,,,,*/do̯ˈajnə/,,,,,,,,,,,,,,,,,,,,,,,,,,,,,,,,,,,,,,,,,,,,,,,,,,,,,,,,,,,,,,,,,,,,,,,,,,,,,,,,,,,,,,,,,,,,,,,,
R289,,,,,,,,,,,,,,,,,,,,,,,,,*/ɨmpərˈindəje/,,,,,,,,,,,,,,,,,,,,,,,,,,,,,,,,,,,,,,,,,,,,,,,,,,,,,,,,,,,,,,,,,,,,,,,,,,,,,,,,,,,,,,,,,,,,,,
R290,,,,,,,,,,,,,,,,,,,,,,,,,,,,,,,,,,,,,,,,,,,,,,,,,,,,,,,,,,,,,,,,,,,,,,,,,,,,,,,,,,,,,,,,,,,,,,,,,,,,,,,,,,,,,,,,,,,,,,,
R291,,,,,,,,,,,,,,,,,,,,,,,,,,,,,,,,,,,,,,,,,,,,,,,,,,,,,,,,,,,,,,,,,,,,,,,,,,,,,,,,,,,,,,,,,,,,,,,,,,,,,,,,,,,,,,,,,,,,,,,
R292,,,,,,,,,,,,,,,,,,,,,,,,,,,,,,,,,,,,,,,,,,,,,,,,,,,,,,,,,,,,,,,,,,,,,,,,,,,,,,,,,,,,,,,,,,,,,,,,,,,,,,,,,,,,,,,,,,,,,,,
R293,,,,,,,,,,,,,,,,,,,,,,,,,,,,,,,,,,,,,,,,,,,,,,,,,,,,,,,,,,,,,,,,,,,,,,,,,,,,,,,,,,,,,,,,,,,,,,,,,,,,,,,,,,,,,,,,,,,,,,,
R294,,,,,,,,,,,,,,,,,,,,,,,,,,,,,,,,,,,,,,,,,,,,,,,,,,,,,,,,,,,,,,,,,,,,,,,,,,,,,,,,,,,,,,,,,,,,,,,,,,,,,,,,,,,,,,,,,,,,,,,
R295,,,,,,,,,,,,,,,,,,,,,,,,,,,,,,,,,,,,,,,,,,,,,,,,,,,,,,,,,,,,,,,,,,,,,,,,,,,,,,,,,,,,,,,,,,,,,,,,,,,,,,,,,,,,,,,,,,,,,,,
R296,,,,,,,,,,,,,,,,,,,,,,,,,,,,,,,,,*/t͡ʃirəʃˈa/,,,,,,,,,,,,,,,,,,,,,,,,,,,,,,,,,,,,,,,,,,,,,,,,,,,,,,,,,,,,,,,,,,,,,,,,,,,,,,,,,,,,,,
R297,,,,,,,,,*/t͡sˈɨpə/,*/tət͡sˈɨpə/,,,,,,,,,,,,,,,,,,,,,,,,,,,,,,,,,,,,,,,,,,,,,,,,,,,,,,,,,,,,,,,,,,,,,,,,,,,,,,,,,,,,,,,,,,,,,,,,,,,,,,,,,,,,,
R298,,,,,,,,,,,,,,,,,,,,,,,,,,,,,,,,,,,,,,,,,,,,,,,,,,,,,,,,,,,,,,,,,,,,,,,,,,,,,,,,,,,,,,,,,,,,,,,,,,,,,,,,,,,,,,,,,,,,,,,
R299,,,,,,,,,,,,,,,,,,,,,,,,,,,,,,,,,,,,,,,,,,,,,,,,,,,,,,,,,,,,,,,,,,,,,,,,,,,,,,,,,,,,,,,,,,,,,,,,,,,,,,,,,,,,,,,,,,,,,,,
R300,,,,,,,,,,,,,,,,,,,,,,,,,,,,,,,,,,,,,,,,,,,,,,,,,,,,,,,,,,,,,,,,,,,,,,,,,,,,,,,,,,,,,,,,,,,,,,,,,,,,,,,,,,,,,,,,,,,,,,,
R301,,,,,,,,,,,,,,,,,,,,,,,,,,,,,,,,,,,,,,,,,,,,,,,,,,,,,,,,,,,,,,,,,,,,,,,,,,,,,,,,,,,,,,,,,,,,,,,,,,,,,,,,,,,,,,,,,,,,,,,
R302,,,,,,,,,,,,,,,,,,,,,,,,,,,,,,,,,,,,,,,,,,,,,,,,,,,,,,,,,,,,,,,,,,,,,,,,,,,,,,,,,,,,,,,,,,,,,,,,,,,,,,,,,,,,,,,,,,,,,,,
R303,,,,,,,,,,,,,,,,,,,,,,,,,,,,,,,,,,,,,,,,,,,,,,,,,,,,,,,,,,,,,,,,,,,,,,,,,,,,,,,,,,,,,,,,,,,,,,,,,,,,,,,,,,,,,,,,,,,,,,,
null,null,null,null,null,null,null,null,null,null,null,null,null,null,null,null,null,null,null,null,null,null,null,null,null,null,null,null,null,null,null,null,null,null,null,null,null,null,null,null,null,null,null,null,null,null,null,null,null,null,null,null,null,null,null,null,null,null,null,null,null,null,null,null,null,null,null,null,null,null,null,null,null,null,null,null,null,null,null,null,null,null,null,null,null,null,null,null,null,null,null,null,null,null,null,null,null,null,null,null,null,null,null,null,null,null,null,null,null,null,null,null,null,null,null,null,null,null,null,null
null,null,null,null,null,null,null,null,null,null,null,null,null,null,null,null,null,null,null,null,null,null,null,null,null,null,null,null,null,null,null,null,null,null,null,null,null,null,null,null,null,null,null,null,null,null,null,null,null,null,null,null,null,null,null,null,null,null,null,null,null,null,null,null,null,null,null,null,null,null,null,null,null,null,null,null,null,null,null,null,null,null,null,null,null,null,null,null,null,null,null,null,null,null,null,null,null,null,null,null,null,null,null,null,null,null,null,null,null,null,null,null,null,null,null,null,null,null,null,null
