etID  | Sub-Romanian | Latin | Balkan Romance | Balkan Romance {GOLD} | Old Romanian | Output {GOLD}
0      | #t͡sˈumbulaj# | *#t͡sˈumbulaj# | *#t͡sˈumbulɛ# | *#t͡sˈumbulɛ# {GOLD: #sˈəmbuɾe#} | *#t͡sˈumbure# | *#t͡sˈumbure# {GOLD: #sˈɨmbure#}
1      | #t͡sˈumbuluʃ# | *#t͡sˈumbuluʃ# | *#t͡sˈumbulu# | *#t͡sˈumbulu# {GOLD: #sˈəmbuɾu#} | *#t͡sˈumbur# | *#t͡sˈumbur# {GOLD: ...}
2      | #tɐt͡sˈumbuluʃʃuʃ# | *#tɐt͡sˈumbuluʃʃuʃ# | *#tɐt͡sˈumbuluʃu# | *#tɐt͡sˈumbuluʃu# {GOLD: >*} | *#tət͡sˈumburuʃ# | *#tət͡sˈumburuʃ# {GOLD: #t͡sumburˈuʃ#}
3      | #t͡ʃˈukəkuʃ# | *#t͡ʃˈukəkuʃ# | *#?2ˈukʲəku# | *#?2ˈukʲəku# {GOLD: #t͡ʃˈok#} | *#t͡ʃˈut͡ʃək# | *#t͡ʃˈut͡ʃək# {GOLD: #t͡ʃˈok#}
4      | #t͡ʃˈuka# | *#t͡ʃˈuka# | *#?2ˈuka# | *#?2ˈuka# {GOLD: >*} | *#t͡ʃˈukə# | *#t͡ʃˈukə# {GOLD: #t͡ʃˈukə#}
5      | #t͡ʃˈuktuʃ# | *#t͡ʃˈuktuʃ# | *#?2ˈuptu# | *#?2ˈuptu# {GOLD: #t͡ʃˈotu#} | *#t͡ʃˈupt# | *#t͡ʃˈupt# {GOLD: #t͡ʃˈot#}
6      | #t͡ʃˈukətuʃ# | *#t͡ʃˈukətuʃ# | *#?2ˈukʲətu# | *#?2ˈukʲətu# {GOLD: >*} | *#t͡ʃˈut͡ʃət# | *#t͡ʃˈut͡ʃət# {GOLD: #t͡ʃˈut#}
7      | #t͡ʃˈukəta# | *#t͡ʃˈukəta# | *#?2ˈukʲəta# | *#?2ˈukʲəta# {GOLD: >*} | *#t͡ʃˈut͡ʃətə# | *#t͡ʃˈut͡ʃətə# {GOLD: #t͡ʃˈutə#}
8      | #t͡sˈejpa# | *#t͡sˈejpa# | *#t͡sˈipa# | *#t͡sˈipa# {GOLD: >*} | *#t͡sˈɨpə# | *#t͡sˈɨpə# {GOLD: #t͡sˈea̯pə#}
9      | #tɐt͡sˈejpa# | *#tɐt͡sˈejpa# | *#tɐt͡sˈipa# | *#tɐt͡sˈipa# {GOLD: >*} | *#tət͡sˈɨpə# | *#tət͡sˈɨpə# {GOLD: #t͡sˈea̯pə#}
10     | #intɐt͡sˌejpˈaː# | *#intɐt͡sˌejpˈaː# | *#entɐt͡sejpˈa# | *#entɐt͡sejpˈa# {GOLD: #ent͡sepˈa#} | *#ɨntət͡sejpˈa# | *#ɨntət͡sejpˈa# {GOLD: #ɨnt͡sepˈa#}
11     | #t͡sˈarkuʃ# | *#t͡sˈarkuʃ# | *#t͡srˈaku# | *#t͡srˈaku# {GOLD: #t͡sˈaɾku#} | *#t͡srˈaɡ# | *#t͡srˈaɡ# {GOLD: #t͡sˈark#}
12     | #tɐt͡sˈarkuʃ# | *#tɐt͡sˈarkuʃ# | *#tɐt͡srˈaku# | *#tɐt͡srˈaku# {GOLD: #t͡sˈaɾk#} | *#tət͡srˈaɡ# | *#tət͡srˈaɡ# {GOLD: #t͡sˈaɾk#}
13     | #tɐt͡sˈuros# | *#tɐt͡sˈuros# | *#tɐt͡sˈuro# | *#tɐt͡sˈuro# {GOLD: >*} | *#tət͡sˈur# | *#tət͡sˈur# {GOLD: #t͡sˈur#}
14     | #t͡sˈaɾbatuʃ# | *#t͡sˈaɾbatuʃ# | *#t͡sˈaɾbatu# | *#t͡sˈaɾbatu# {GOLD: >*} | *#t͡sˈarbet# | *#t͡sˈarbet# {GOLD: #sˈarbəd#}
15     | #est͡sɐrˈima# | *#est͡sɐrˈima# | *#st͡sɐrˈema# | *#st͡sɐrˈema# {GOLD: >*} | *#st͡səre̯ˈamə# | *#st͡səre̯ˈamə# {GOLD: #sfərˈɨmə#}
16     | #est͡sɐrˌimˈa# | *#est͡sɐrˌimˈa# | *#st͡sɐrmˈa# | *#st͡sɐrmˈa# {GOLD: #sfərəmˈa#} | *#st͡sərmˈa# | *#st͡sərmˈa# {GOLD: #fərɨmˈa#}
17     | #d͡zˈerna# | *#d͡zˈerna# | *#d͡zˈɛrna# | *#d͡zˈɛrna# {GOLD: #d͡zˈerna#} | *#zˈarnə# | *#zˈarnə# {GOLD: #zˈɨrnə#}
18     | #dˈeləna# | *#dˈeləna# | *#dˈɛləna# | *#dˈɛləna# {GOLD: #d͡zˈerna#} | *#zˈarɨnə# | *#zˈarɨnə# {GOLD: #zˈɨrnə#}
19     | #d͡zˈala# | *#d͡zˈala# | *#d͡zˈala# | *#d͡zˈala# {GOLD: >*} | *#zˈarə# | *#zˈarə# {GOLD: #zˈarə#}
20     | #d͡zˈelma# | *#d͡zˈelma# | *#d͡zˈɛlma# | *#d͡zˈɛlma# {GOLD: #d͡ze̯ˈamə#} | *#zˈalmə# | *#zˈalmə# {GOLD: #zˈea̯mə#}
21     | #d͡zˈeluʃ# | *#d͡zˈeluʃ# | *#d͡zˈɛlu# | *#d͡zˈɛlu# {GOLD: #d͡zˈeɾu#} | *#zˈer# | *#zˈer# {GOLD: #zˈer#}
22     | #dˈɒːwina# | *#dˈoːwina# | *#dˈojena# | *#dˈojena# {GOLD: >*} | *#do̯ˈajnə# | *#do̯ˈajnə# {GOLD: #dˈojnə#}
23     | #rˈantɐdja# | *#rˈantɐdja# | *#rˈantɐja# | *#rˈantɐja# {GOLD: >*} | *#rˈɨntəje# | *#rˈɨntəje# {GOLD: #rˈɨnzə#}
24     | #enpərˈendɐdja# | *#enpərˈendɐdja# | *#enpərˈɛndɐja# | *#enpərˈɛndɐja# {GOLD: #bɾˈənd͡zə#} | *#ɨmpərˈindəje# | *#ɨmpərˈindəje# {GOLD: #brˈɨnzə#}
25     | #kˌapˈuʃʃa# | *#kˌapˈuʃʃa# | *#kapˈuʃa# | *#kapˈuʃa# {GOLD: >*} | *#kəpˈuʃə# | *#kəpˈuʃə# {GOLD: #kəpˈuʃə#}
26     | #kˌapˈuta# | *#kˌapˈuta# | *#kapˈuta# | *#kapˈuta# {GOLD: >*} | *#kəpˈutə# | *#kəpˈutə# {GOLD: #kəpˈutə#}
27     | #kˌɒːpˈilluʃ# | *#kˌoːpˈilluʃ# | *#kopˈellu# | *#kopˈellu# {GOLD: #kɔpˈilu#} | *#kopˈəl# | *#kopˈəl# {GOLD: #kopˈil#}
28     | #kˈuːma# | *#kˈuːma# | *#kˈuma# | *#kˈuma# {GOLD: #t͡ʃˈumə#} | *#kˈumə# | *#kˈumə# {GOLD: #t͡ʃˈumə#}
29     | #kˈuːmbəruʃ# | *#kˈuːmbəruʃ# | *#kˈumbəru# | *#kˈumbəru# {GOLD: >*} | *#kˈumbər# | *#kˈumbər# {GOLD: #t͡ʃˈimbru#}
30     | #kˌummˈatru# | *#kˌummˈatru# | *#kummˈat# | *#kummˈat# {GOLD: >*} | *#kumˈat# | *#kumˈat# {GOLD: #kumˈətru#}
31     | #kˌalbˈad͡ʒja# | *#kˌalbˈad͡ʒja# | *#kalbˈad͡zʲa# | *#kalbˈad͡zʲa# {GOLD: >*} | *#kəlbˈazə# | *#kəlbˈazə# {GOLD: #ɡəlbˈea̯zə#}
32     | #kerasˈeia# | *#kerasˈeia# | *#kʲerasˈɛja# | *#kʲerasˈɛja# {GOLD: >*} | *#t͡ʃirəʃˈa# | *#t͡ʃirəʃˈa# {GOLD: #cirˈea̯ʃə#}
33     | #eskrˈumuʃ# | *#eskrˈumuʃ# | *#skrˈumu# | *#skrˈumu# {GOLD: >*} | *#skrˈum# | *#skrˈum# {GOLD: #skrˈumb#}
34     | #esɡˈabba# | *#esɡˈabba# | *#zɡˈaba# | *#zɡˈaba# {GOLD: >*} | *#zɡˈabə# | *#zɡˈabə# {GOLD: #skˈabə#}
35     | #ɡrˈappa# | *#ɡrˈappa# | *#ɡrˈapa# | *#ɡrˈapa# {GOLD: >*} | *#ɡrˈapə# | *#ɡrˈapə# {GOLD: #ɡɾˈapə#}
36     | #ɡrˈɒːpa# | *#ɡrˈoːpa# | *#ɡˈorpa# | *#ɡˈorpa# {GOLD: #ɡɾo̯ˈapə#} | *#ɡo̯ˈarpə# | *#ɡo̯ˈarpə# {GOLD: #ɡro̯ˈapə#}
37     | #ɡˈarduʃ# | *#ɡˈarduʃ# | *#ɡˈardu# | *#ɡˈardu# {GOLD: >*} | *#ɡˈard# | *#ɡˈard# {GOLD: #ɡˈard#}
38     | #esɡˈarda# | *#esɡˈarda# | *#zɡˈarda# | *#zɡˈarda# {GOLD: >*} | *#zɡˈardə# | *#zɡˈardə# {GOLD: #zɡˈardə#}
39     | #ɡlˈera# | *#ɡlˈera# | *#ɡlˈɛra# | *#ɡlˈɛra# {GOLD: #ɡʎje̯ˈaɾə#} | *#ɡe̯ˈarə# | *#ɡe̯ˈarə# {GOLD: #ɡe̯ˈarə#}
40     | #at͡sˈiːnuʃ# | *#at͡sˈiːnuʃ# | *#at͡sˈinu# | *#at͡sˈinu# {GOLD: >*} | *#at͡sˈin# | *#at͡sˈin# {GOLD: #afˈin#}
41     | #ɦˈajduʃ# | *#ɦˈajduʃ# | *#ɦˈɛdu# | *#ɦˈɛdu# {GOLD: #jˈedu#} | *#ɦˈed# | *#ɦˈed# {GOLD: #jˈed#}
42     | #ɦˌarɡalˈeia# | *#ɦˌarɡalˈeia# | *#ɦarɡalˈɛja# | *#ɦarɡalˈɛja# {GOLD: >*} | *#ɦərɡəe̯ˈa# | *#ɦərɡəe̯ˈa# {GOLD: #ard͡ʒˈea̯#}
43     | #ˌawˈuʃʃuʃ# | *#ˌawˈuʃʃuʃ# | *#aˈuʃu# | *#aˈuʃu# {GOLD: #aˈuʃu#} | *#aˈuʃ# | *#aˈuʃ# {GOLD: #aˈuʃ#}
44     | #aɾˈɒːtja# | *#aɾˈɑːtja# | *#aɾˈɑtʲa# | *#aɾˈɑtʲa# {GOLD: >*} | *#arˈɑt͡sə# | *#arˈɑt͡sə# {GOLD: #rˈat͡sə#}
45     | #t͡ʃʷˈɒːrna# | *#t͡ʃʷˈoːrna# | *#?0ˈorna# | *#?0ˈorna# {GOLD: #t͡ʃo̯ˈaɾə#} | *#?0o̯ˈarnə# | *#?0o̯ˈarnə# {GOLD: #t͡ʃo̯ˈarə#}
46     | #kʷˈurpət͡sa# | *#kʷˈurpət͡sa# | *#kʷˈurpət͡sa# | *#kʷˈurpət͡sa# {GOLD: >*} | *#kʷˈurpet͡sə# | *#kʷˈurpet͡sə# {GOLD: #kˈursə#}
47     | #kʷurpnˈaː# | *#kʷurpnˈaː# | *#kʷunˈa# | *#kʷunˈa# {GOLD: >*} | *#kʷunˈa# | *#kʷunˈa# {GOLD: #kuɾmˈa#}
48     | #kʷˈurpɐnuʃ# | *#kʷˈurpɐnuʃ# | *#kʷˈurpɐnu# | *#kʷˈurpɐnu# {GOLD: #kˈurpənu#} | *#kʷˈurpen# | *#kʷˈurpen# {GOLD: #kˈurpen#}
49     | #d͡zˈana# | *#d͡zˈana# | *#d͡zˈana# | *#d͡zˈana# {GOLD: #d͡zˈənə#} | *#zˈɨnə# | *#zˈɨnə# {GOLD: #zˈɨnə#}
50     | #ɡʷurmˈad͡ʒuʃ# | *#ɡʷurmˈad͡ʒuʃ# | *#ɡʷurmˈad͡ʒu# | *#ɡʷurmˈad͡ʒu# {GOLD: #ɡurmˈad͡zu#} | *#ɡʷurmˈaʒ# | *#ɡʷurmˈaʒ# {GOLD: #ɡrumˈaz#}
51     | #ɡʷʎˈinəpaj# | *#ɡʷʎˈinəpaj# | *#ɡʷʎˈenəpɛ# | *#ɡʷʎˈenəpɛ# {GOLD: >*} | *#ɡʷˈɨnəpe# | *#ɡʷˈɨnəpe# {GOLD: #ɡˈimpe#}
52     | #d͡ʒʷˈernuʃ# | *#d͡ʒʷˈernuʃ# | *#d͡ʒʷˈɛrnu# | *#d͡ʒʷˈɛrnu# {GOLD: >*} | *#?4ˈərn# | *#?4ˈərn# {GOLD: #ʒˈar#}
53     | #wˈed͡zulaj# | *#wˈed͡zulaj# | *#bˈɛd͡zlɛ# | *#bˈɛd͡zlɛ# {GOLD: >*} | *#bjˈezle# | *#bjˈezle# {GOLD: #vjˈezure#}
54     | #wˈɒːla# | *#wˈoːla# | *#vˈola# | *#vˈola# {GOLD: >*} | *#vo̯ˈarə# | *#vo̯ˈarə# {GOLD: #o̯ˈaɾə#}
55     | #ˈurda# | *#ˈurda# | *#ˈurda# | *#ˈurda# {GOLD: >*} | *#ˈurdə# | *#ˈurdə# {GOLD: #ˈurdə#}
56     | #pˌupˈedja# | *#pˌupˈedja# | *#pupˈɛdʲa# | *#pupˈɛdʲa# {GOLD: #pupe̯ˈazə#} | *#pupe̯ˈazə# | *#pupe̯ˈazə# {GOLD: #pˈupəzə#}
57     | #pˈalna# | *#pˈalna# | *#pˈalna# | *#pˈalna# {GOLD: >*} | *#pˈalnə# | *#pˈalnə# {GOLD: #pˈalə#}
58     | #pirrˈɒːnuʃ# | *#pirrˈɑːnuʃ# | *#perrˈɑnu# | *#perrˈɑnu# {GOLD: >*} | *#perˈɑw# | *#perˈɑw# {GOLD: #pərˈɨw#}
59     | #bʰˌɒːnɡˈeːtun# | *#bʰˌoːnɡˈeːtun# | *#bonɡʲˈetu# | *#bonɡʲˈetu# {GOLD: >*} | *#bund͡ʒˈet# | *#bund͡ʒˈet# {GOLD: #bund͡ʒˈet#}
60     | #bˈuːkuʃ# | *#bˈuːkuʃ# | *#bˈuku# | *#bˈuku# {GOLD: >*} | *#bˈuk# | *#bˈuk# {GOLD: #bˈuk#}
61     | #bˈukɒːruʃ# | *#bˈukoːruʃ# | *#bˈukoru# | *#bˈukoru# {GOLD: >*} | *#bˈukur# | *#bˈukur# {GOLD: #bˈukur#}
62     | #bukɒːrˈɒː# | *#bukoːrˈoː# | *#bukorˈo# | *#bukorˈo# {GOLD: >*} | *#bukurˈo# | *#bukurˈo# {GOLD: #bukurˈa#}
63     | #bukɒːrˈɒːʃʃuʃ# | *#bukoːrˈɑːʃʃuʃ# | *#bukorˈɑʃu# | *#bukorˈɑʃu# {GOLD: >*} | *#bukurˈɑʃ# | *#bukurˈɑʃ# {GOLD: #bukurˈɔʃ#}
64     | #bˈudja# | *#bˈudja# | *#bˈudʲa# | *#bˈudʲa# {GOLD: #bˈud͡zə#} | *#bˈuzə# | *#bˈuzə# {GOLD: #bˈuzə#}
65     | #bˌubbˌurˈoːdja# | *#bˌubbˌurˈoːdja# | *#buburˈodʲa# | *#buburˈodʲa# {GOLD: >*} | *#buburo̯ˈazə# | *#buburo̯ˈazə# {GOLD: #buburˈuzə#}
66     | #bˈulwədjuʃ# | *#bˈulwədjuʃ# | *#bˈulbəɡʲu# | *#bˈulbəɡʲu# {GOLD: >*} | *#bˈulbəʒ# | *#bˈulbəʒ# {GOLD: #bˈulz#}
67     | #bˈalu# | *#bˈalu# | *#bˈalu# | *#bˈalu# {GOLD: >*} | *#bˈar# | *#bˈar# {GOLD: #bˈəl#}
68     | #bˈalta# | *#bˈalta# | *#bˈalta# | *#bˈalta# {GOLD: >*} | *#bˈaltə# | *#bˈaltə# {GOLD: #bˈaltə#}
69     | #bˌultɐxˈakuʃ# | *#bˌultɐxˈakuʃ# | *#bultɐxˈaku# | *#bultɐxˈaku# {GOLD: >*} | *#bultəxˈak# | *#bultəxˈak# {GOLD: #bulhˈak#}
70     | #bˌalnˈɒːʃʃuʃ# | *#bˌalnˈɑːʃʃuʃ# | *#balnˈɑʃu# | *#balnˈɑʃu# {GOLD: >*} | *#bəlnˈɑʃ# | *#bəlnˈɑʃ# {GOLD: #bəlˈaʃ#}
71     | #brˈajnəka# | *#brˈajnəka# | *#brˈɛnəka# | *#brˈɛnəka# {GOLD: >*} | *#brˈinəkə# | *#brˈinəkə# {GOLD: #bɾˈɨnkə#}
72     | #bˈard͡zuʃ# | *#bˈard͡zuʃ# | *#bˈard͡zu# | *#bˈard͡zu# {GOLD: #bˈard͡zu#} | *#bˈarz# | *#bˈarz# {GOLD: #bˈarz#}
73     | #bˈard͡za# | *#bˈard͡za# | *#bˈard͡za# | *#bˈard͡za# {GOLD: #bˈard͡zə#} | *#bˈarzə# | *#bˈarzə# {GOLD: #bˈarzə#}
74     | #bˌurdˈuʃʃuʃ# | *#bˌurdˈuʃʃuʃ# | *#burdˈuʃu# | *#burdˈuʃu# {GOLD: >*} | *#burdˈuʃ# | *#burdˈuʃ# {GOLD: #burdˈuʃ#}
75     | #bʰr̩tˈm̩# | *#bʰr̩tˈm̩# | *#br̩tˈm̩# | *#br̩tˈm̩# {GOLD: #bˈurtə#} | *#br̩tˈm̩# | *#br̩tˈm̩# {GOLD: #bˈurtə#}
76     | #bˌɒːrˈaː# | *#bˌoːrˈaː# | *#borˈa# | *#borˈa# {GOLD: >*} | *#burˈa# | *#burˈa# {GOLD: #burˈa#}
77     | #brˈadi# | *#brˈadi# | *#brˈadi# | *#brˈadi# {GOLD: >*} | *#brˈazj# | *#brˈazj# {GOLD: #brˈad#}
78     | #brˈeːnu# | *#brˈeːnu# | *#brˈenu# | *#brˈenu# {GOLD: #brˈənu#} | *#brˈin# | *#brˈin# {GOLD: #brˈɨw#}
79     | #brˈeːna# | *#brˈeːna# | *#brˈena# | *#brˈena# {GOLD: #brˈənə#} | *#brˈinə# | *#brˈinə# {GOLD: #brˈɨnə#}
80     | #brˈustulaj# | *#brˈustulaj# | *#brˈusklɛ# | *#brˈusklɛ# {GOLD: #brˈustuɾu#} | *#brˈuʃkje# | *#brˈuʃkje# {GOLD: #brˈustur#}
81     | #bˈaʎwa# | *#bˈaʎwa# | *#bˈaʎba# | *#bˈaʎba# {GOLD: >*} | *#bˈajbə# | *#bˈajbə# {GOLD: #bˈalə#}
82     | #bˈɒːʎwa# | *#bˈoːʎwa# | *#bˈoʎba# | *#bˈoʎba# {GOLD: >*} | *#bo̯ˈajbə# | *#bo̯ˈajbə# {GOLD: #bo̯ˈalə#}
83     | #bˌɒːʎwˈawruʃ# | *#bˌoːʎwˈawruʃ# | *#boʎbˈawru# | *#boʎbˈawru# {GOLD: >*} | *#bojbˈawr# | *#bojbˈawr# {GOLD: #bəlˈaur#}
84     | #bˈaʎəɡa# | *#bˈaʎəɡa# | *#bˈaʎəɡa# | *#bˈaʎəɡa# {GOLD: >*} | *#bˈajiɡə# | *#bˈajiɡə# {GOLD: #bˈaliɡə#}
85     | #mˈaj# | *#mˈaj# | *#mˈɛ# | *#mˈɛ# {GOLD: #mˈai#} | *#mˈe# | *#mˈe# {GOLD: #mˈaj#}
86     | #mˈad͡zi# | *#mˈad͡zi# | *#mˈad͡zi# | *#mˈad͡zi# {GOLD: #mˈai#} | *#mˈazj# | *#mˈazj# {GOLD: #mˈaj#}
87     | #mˈɒːd͡zulaj# | *#mˈoːd͡zulaj# | *#mˈod͡zlɛ# | *#mˈod͡zlɛ# {GOLD: #mˈad͡zəre#} | *#mo̯ˈazle# | *#mo̯ˈazle# {GOLD: #mˈazəre#}
88     | #mˈɒːtəʃʃuʃ# | *#mˈoːtəʃʃuʃ# | *#mˈotəʃu# | *#mˈotəʃu# {GOLD: #mˈoʃu#} | *#mo̯ˈatəʃ# | *#mo̯ˈatəʃ# {GOLD: #mˈoʃ#}
89     | #mˈɒːtəʃʃaj# | *#mˈoːtəʃʃaj# | *#mˈotəʃɛ# | *#mˈotəʃɛ# {GOLD: #mo̯ˈaʃe#} | *#mo̯ˈatəʃe# | *#mo̯ˈatəʃe# {GOLD: ...}
90     | #mˈanədjuʃ# | *#mˈanədjuʃ# | *#mˈanəɡʲu# | *#mˈanəɡʲu# {GOLD: #mˈənd͡zu#} | *#mˈɨnəʒ# | *#mˈɨnəʒ# {GOLD: #mˈɨnz#}
91     | #mˈanskuʃ# | *#mˈanskuʃ# | *#mˈasku# | *#mˈasku# {GOLD: >*} | *#mˈask# | *#mˈask# {GOLD: #mˈɨʃk#}
92     | #mˈuɡuluʃ# | *#mˈuɡuluʃ# | *#mˈuɡlu# | *#mˈuɡlu# {GOLD: >*} | *#mˈuɡj# | *#mˈuɡj# {GOLD: #mˈuɡur#}
93     | #mˈɒːluʃ# | *#mˈoːluʃ# | *#mˈolu# | *#mˈolu# {GOLD: #mˈeɾu#} | *#mˈor# | *#mˈor# {GOLD: #mˈər#}
94     | #melwˈaju# | *#melwˈaju# | *#melbˈaju# | *#melbˈaju# {GOLD: >*} | *#məlbˈaj# | *#məlbˈaj# {GOLD: #məlˈaj#}
95     | #melwˈura# | *#melwˈura# | *#melbˈura# | *#melbˈura# {GOLD: >*} | *#məlbˈurə# | *#məlbˈurə# {GOLD: #məlˈurə#}
96     | #melwˈiːɡa# | *#melwˈiːɡa# | *#melbˈiɡa# | *#melbˈiɡa# {GOLD: >*} | *#melbˈiɡə# | *#melbˈiɡə# {GOLD: #məlˈiɡə#}
97     | #mˈeluwos# | *#mˈeluwos# | *#mˈɛluo# | *#mˈɛluo# {GOLD: >*} | *#mjˈer# | *#mjˈer# {GOLD: #mˈelɡ#}
98     | #mˈallu# | *#mˈallu# | *#mˈallu# | *#mˈallu# {GOLD: #mˈalu#} | *#mˈal# | *#mˈal# {GOLD: #mˈal#}
99     | #admˈurɡuʃ# | *#admˈurɡuʃ# | *#ammˈorɡu# | *#ammˈorɡu# {GOLD: >*} | *#amˈorɡ# | *#amˈorɡ# {GOLD: #amˈurɡ#}
100    | #mˈurɡuʃ# | *#mˈurɡuʃ# | *#mˈorɡu# | *#mˈorɡu# {GOLD: #mˈurɡu#} | *#mˈorɡ# | *#mˈorɡ# {GOLD: #mˈurɡ#}
101    | #marˈadriu# | *#marˈadriu# | *#marˈarrju# | *#marˈarrju# {GOLD: >*} | *#mərˈarr# | *#mərˈarr# {GOLD: #mərˈarju#}
102    | #marˈadru# | *#marˈadru# | *#marˈarru# | *#marˈarru# {GOLD: >*} | *#mərˈar# | *#mərˈar# {GOLD: #mərˈar#}
103    | #dˈaʃʃuʃ# | *#dˈaʃʃuʃ# | *#dˈaʃu# | *#dˈaʃu# {GOLD: >*} | *#dˈaʃ# | *#dˈaʃ# {GOLD: #dˈaʃ#}
104    | #drˈɒːwja# | *#drˈoːwja# | *#drˈoja# | *#drˈoja# {GOLD: >*} | *#dro̯ˈa# | *#dro̯ˈa# {GOLD: #dro̯ˈaje#}
105    | #ʒˈuːʃjuʃ# | *#ʒˈuːʃjuʃ# | *#ʒˈuʃju# | *#ʒˈuʃju# {GOLD: >*} | *#ʒˈuʃ# | *#ʒˈuʃ# {GOLD: #ɡjˈuʒ#}
106    | #spˈond͡ʒju# | *#spˈond͡ʒju# | *#spˈond͡zʲu# | *#spˈond͡zʲu# {GOLD: #spˈɨnd͡ʒu#} | *#spˈunz# | *#spˈunz# {GOLD: #spˈɨnz#}
107    | #ʒˌuːmˈateja# | *#ʒˌuːmˈateja# | *#ʒumˈateja# | *#ʒumˈateja# {GOLD: #d͡ʒumˈate#} | *#ʒumˈateje# | *#ʒumˈateje# {GOLD: #ʒumˈate#}
108    | #stˈana# | *#stˈana# | *#stˈana# | *#stˈana# {GOLD: >*} | *#stˈɨnə# | *#stˈɨnə# {GOLD: #stˈɨnə#}
109    | #stˈiːra# | *#stˈiːra# | *#stˈira# | *#stˈira# {GOLD: >*} | *#ʃtˈirə# | *#ʃtˈirə# {GOLD: #ʃtˈirə#}
110    | #strˈatuʃ# | *#strˈatuʃ# | *#strˈatu# | *#strˈatu# {GOLD: >*} | *#strˈat# | *#strˈat# {GOLD: #strˈat#}
111    | #strˈunɡa# | *#strˈunɡa# | *#strˈunɡa# | *#strˈunɡa# {GOLD: #stɾˈunɡə#} | *#strˈunɡə# | *#strˈunɡə# {GOLD: #strˈunɡə#}
112    | #ʃˌɒːpˈerɐla# | *#ʃˌoːpˈerɐla# | *#ʃopˈɛrɐla# | *#ʃopˈɛrɐla# {GOLD: >*} | *#ʃope̯ˈarərə# | *#ʃope̯ˈarərə# {GOLD: #ʃopˈɨrlə#}
113    | #nˌehəpˈertəka# | *#nˌehəpˈertəka# | *#ne?1̯pˈɛrtəka# | *#ne?1̯pˈɛrtəka# {GOLD: #nepˈərtəkə#} | *#ne?1̯pe̯ˈartəkə# | *#ne?1̯pe̯ˈartəkə# {GOLD: #nəpˈɨrkə#}
114    | #strˈeːpos# | *#strˈeːpos# | *#strˈepo# | *#strˈepo# {GOLD: >*} | *#strˈep# | *#strˈep# {GOLD: #strˈep#}
115    | #nˈeɡula# | *#nˈeɡula# | *#nˈɛɡla# | *#nˈɛɡla# {GOLD: #nˈeɡuɾə#} | *#nˈeɡje# | *#nˈeɡje# {GOLD: #nˈeɡuɾə#}
116    | #ˈabuluʃ# | *#ˈabuluʃ# | *#ˈawlu# | *#ˈawlu# {GOLD: #ˈabuɾu#} | *#ˈawl# | *#ˈawl# {GOLD: #ˈabur#}
117    | #lˌapˈuʃʃuʃ# | *#lˌapˈuʃʃuʃ# | *#lapˈuʃu# | *#lapˈuʃu# {GOLD: #ləpuʃu#} | *#ləpˈuʃ# | *#ləpˈuʃ# {GOLD: #ləpˈuʃ#}
118    | #lˌewwˈurda# | *#lˌewwˈurda# | *#lbˈurda# | *#lbˈurda# {GOLD: >*} | *#lbˈurdə# | *#lbˈurdə# {GOLD: #leˈurdə#}