ID,CFR_prediction,gold,rawLevenshteinED,phonemewiseLevenshteinED,featureED,pred_phone_length,gold_phone_length
0,*/t͡sˈumbure/,/sˈɨmbure/,2,0.2857142857142857,0.17307692307692307,7,7
2,*/tət͡sˈumburuʃuʃ/,/t͡sumburˈuʃ/,6,0.75,3.1153846153846154,12,8
3,*/t͡ʃˈut͡ʃəkuʃ/,/t͡ʃˈok/,5,1.6666666666666667,3.326923076923077,7,3
4,*/t͡ʃˈukə/,/t͡ʃˈukə/,0,0.0,0.0,4,4
5,*/t͡ʃˈuptuʃ/,/t͡ʃˈot/,4,1.3333333333333333,2.3846153846153846,6,3
6,*/t͡ʃˈut͡ʃətə/,/t͡ʃˈutə/,2,0.5,1.4423076923076923,6,4
7,*/t͡ʃˈut͡ʃətuʃ/,/t͡ʃˈut/,4,1.3333333333333333,3.5,7,3
8,*/t͡sˈɨpə/,/t͡sˈea̯pə/,2,0.4,0.5384615384615384,4,5
9,*/tət͡sˈɨpə/,/t͡sˈea̯pə/,4,0.8,1.2307692307692308,6,5
10,*/ɨntət͡sejpˈa/,/ɨnt͡sepˈa/,3,0.5,1.7115384615384615,9,6
11,*/t͡srˈakuʃ/,/t͡sˈark/,4,1.0,1.9038461538461537,6,4
12,*/tət͡srˈakuʃ/,/t͡sˈaɾk/,6,1.5,3.0961538461538463,8,4
13,*/tət͡sˈur/,/t͡sˈur/,2,0.6666666666666666,1.25,5,3
14,*/t͡sˈarbetuʃ/,/sˈarbəd/,5,0.8333333333333334,1.9038461538461537,8,6
15,*/st͡səre̯ˈamə/,/sfərˈɨmə/,3,0.42857142857142855,0.5769230769230769,8,7
16,*/st͡sərmˈa/,/fərɨmˈa/,3,0.5,0.9615384615384616,6,6
17,*/zˈarnə/,/zˈɨrnə/,1,0.2,0.11538461538461539,5,5
18,*/zˈarɨnə/,/zˈɨrnə/,2,0.4,0.6923076923076923,6,5
19,*/zˈarə/,/zˈarə/,0,0.0,0.0,4,4
20,*/zˈalmə/,/zˈea̯mə/,2,0.4,0.3076923076923077,5,5
21,*/zˈeruʃ/,/zˈer/,2,0.6666666666666666,1.6923076923076923,5,3
22,*/dˈɒjnə/,/dˈojnə/,1,0.2,0.038461538461538464,5,5
23,*/rˈɨntəje/,/rˈɨnzə/,3,0.6,0.8076923076923077,7,5
24,*/ɨmpərˈindəje/,/brˈɨnzə/,8,1.3333333333333333,2.4038461538461537,11,6
25,*/kəpˈuʃə/,/kəpˈuʃə/,0,0.0,0.0,6,6
26,*/kəpˈutə/,/kəpˈutə/,0,0.0,0.0,6,6
27,*/kəpˈəluʃ/,/kɔpˈil/,4,0.8,1.8846153846153846,7,5
28,*/kˈumə/,/t͡ʃˈumə/,1,0.25,0.25,4,4
29,*/kˈumbəruʃ/,/t͡ʃˈimbru/,4,0.6666666666666666,1.7115384615384615,8,6
30,*/kumˈat/,/kumˈətru/,3,0.42857142857142855,1.3846153846153846,5,7
31,*/kəlbˈazə/,/ɡəlbˈea̯zə/,3,0.375,0.5,7,8
32,*/t͡ʃirəʃˈa/,/cirˈea̯ʃə/,4,0.5714285714285714,0.8653846153846154,6,7
33,*/skrˈumuʃ/,/skrˈumb/,2,0.3333333333333333,1.1346153846153846,7,6
34,*/zɡˈabə/,/skˈabə/,2,0.4,0.07692307692307693,5,5
35,*/ɡrˈapə/,/ɡɾˈapə/,1,0.2,0.057692307692307696,5,5
36,*/ɡˈɒrpə/,/ɡro̯ˈapə/,3,0.5,0.9615384615384616,5,6
37,*/ɡˈarduʃ/,/ɡˈard/,2,0.5,1.6153846153846154,6,4
38,*/zɡˈardə/,/zɡˈardə/,0,0.0,0.0,6,6
39,*/ɡe̯ˈarə/,/ɡe̯ˈarə/,0,0.0,0.0,5,5
40,*/at͡sˈɨnuʃ/,/afˈin/,4,1.0,1.9230769230769231,6,4
41,*/ɦˈeduʃ/,/jˈed/,3,1.0,1.8461538461538463,5,3
42,*/ɦərɡəe̯ˈa/,/ard͡ʒˈea̯/,6,1.2,1.1730769230769231,7,5
43,*/aˈuʃuʃ/,/aˈuʃ/,2,0.6666666666666666,1.8076923076923077,5,3
44,*/ɨɾ̃ˈɒt͡ʃə/,/rˈat͡sə/,4,1.0,1.0,5,4
45,*/t͡ʃˈɒrnə/,/t͡ʃo̯ˈarə/,3,0.6,0.46153846153846156,5,5
46,*/kʷˈurpet͡sə/,/kˈursə/,4,0.8,1.5769230769230769,7,5
47,*/kʷunˈa/,/kuɾmˈa/,3,0.6,0.6923076923076923,4,5
48,*/kʷˈurpenuʃ/,/kˈurpen/,3,0.5,1.8076923076923077,8,6
49,*/zˈɨnə/,/zˈɨnə/,0,0.0,0.0,4,4
50,*/ɡʷurmˈaʒuʃ/,/ɡrumˈaz/,6,1.0,2.2115384615384617,8,6
51,*/ɡʷˈɨnəpe/,/ɡˈimpe/,4,0.8,0.7884615384615384,6,5
52,*/?4ˈərnuʃ/,/ʒˈar/,5,1.6666666666666667,2.019230769230769,6,3
53,*/bjˈezle/,/vjˈezure/,3,0.42857142857142855,0.9807692307692307,6,7
54,*/vˈɒrə/,/o̯ˈaɾə/,3,0.75,0.46153846153846156,4,4
55,*/ˈurdə/,/ˈurdə/,0,0.0,0.0,4,4
56,*/pupe̯ˈazə/,/pˈupəzə/,3,0.5,0.6730769230769231,7,6
57,*/pˈalnə/,/pˈalə/,1,0.25,0.3269230769230769,5,4
58,*/perˈɒnuʃ/,/pərˈɨw/,5,1.0,1.9807692307692308,7,5
59,*/bɨnd͡ʒˈet/,/bund͡ʒˈet/,1,0.16666666666666666,0.11538461538461539,6,6
60,*/bˈukuʃ/,/bˈuk/,2,0.6666666666666666,1.6538461538461537,5,3
61,*/bˈukəruʃ/,/bˈukur/,3,0.6,1.3653846153846154,7,5
62,*/bukərˈɒ/,/bukurˈa/,2,0.3333333333333333,0.3269230769230769,6,6
63,*/bukərˈɒʃuʃ/,/bukurˈɔʃ/,4,0.5714285714285714,1.6730769230769231,9,7
64,*/bˈuzə/,/bˈuzə/,0,0.0,0.0,4,4
65,*/buburo̯ˈazə/,/buburˈuzə/,2,0.25,0.7692307692307693,9,8
66,*/bˈulbəʒuʃ/,/bˈulz/,5,1.25,2.9615384615384617,8,4
67,*/bˈar/,/bˈəl/,2,0.6666666666666666,0.1346153846153846,3,3
68,*/bˈaltə/,/bˈaltə/,0,0.0,0.0,5,5
69,*/bultəxˈakuʃ/,/bulhˈak/,5,0.8333333333333334,2.9423076923076925,10,6
70,*/bəlnˈɒʃuʃ/,/bəlˈaʃ/,4,0.8,2.1923076923076925,8,5
71,*/brˈinəkə/,/bɾˈɨnkə/,3,0.5,0.6730769230769231,7,6
72,*/bˈarzuʃ/,/bˈarz/,2,0.5,1.4615384615384615,6,4
73,*/bˈarzə/,/bˈarzə/,0,0.0,0.0,5,5
74,*/burdˈuʃuʃ/,/burdˈuʃ/,2,0.3333333333333333,1.7692307692307692,8,6
75,*/br̩tˈm̩/,/bˈurtə/,3,0.6,1.0769230769230769,4,5
76,*/bərˈa/,/burˈa/,1,0.25,0.17307692307692307,4,4
77,*/brˈazj/,/brˈad/,2,0.5,0.7115384615384616,5,4
78,*/brˈin/,/brˈɨw/,2,0.5,0.38461538461538464,4,4
79,*/brˈinə/,/brˈɨnə/,1,0.2,0.038461538461538464,5,5
80,*/brˈuʃkje/,/brˈustur/,4,0.5714285714285714,0.7884615384615384,7,7
81,*/bˈajbə/,/bˈalə/,2,0.5,0.6923076923076923,5,4
82,*/bˈɒjbə/,/bo̯ˈalə/,3,0.6,0.5,5,5
83,*/bəjbˈawruʃ/,/bəlˈaur/,5,0.8333333333333334,2.25,9,6
84,*/bˈajiɡə/,/bˈaliɡə/,1,0.16666666666666666,0.2692307692307692,6,6
85,*/mˈe/,/mˈaj/,2,0.6666666666666666,0.5,2,3
86,*/mˈazj/,/mˈaj/,1,0.3333333333333333,0.6923076923076923,4,3
87,*/mˈɒzle/,/mˈazəre/,3,0.5,0.6923076923076923,5,6
88,*/mˈɒtəʃuʃ/,/mˈoʃ/,5,1.6666666666666667,3.326923076923077,7,3
90,*/mˈɨnəʒuʃ/,/mˈɨnz/,4,1.0,2.4038461538461537,7,4
91,*/mˈaskuʃ/,/mˈɨʃk/,4,1.0,1.8846153846153846,6,4
92,*/mˈuɡiʃ/,/mˈuɡur/,2,0.4,0.38461538461538464,5,5
93,*/mˈɒruʃ/,/mˈər/,3,1.0,1.8653846153846154,5,3
94,*/məlbˈaj/,/məlˈaj/,1,0.2,0.6153846153846154,6,5
95,*/məlbˈurə/,/məlˈurə/,1,0.16666666666666666,0.6153846153846154,7,6
96,*/melbˈiɡə/,/məlˈiɡə/,2,0.3333333333333333,0.6730769230769231,7,6
97,*/mjˈer/,/mˈelɡ/,3,0.75,0.6923076923076923,4,4
98,*/mˈal/,/mˈal/,0,0.0,0.0,3,3
99,*/amˈorɡuʃ/,/amˈurɡ/,3,0.6,1.6538461538461537,7,5
100,*/mˈorɡuʃ/,/mˈurɡ/,3,0.75,1.6538461538461537,6,4
101,*/mərˈarr/,/mərˈarju/,2,0.2857142857142857,0.8461538461538461,6,7
102,*/mərˈar/,/mərˈar/,0,0.0,0.0,5,5
103,*/dˈaʃuʃ/,/dˈaʃ/,2,0.6666666666666666,1.8076923076923077,5,3
104,*/drˈɒje/,/dro̯ˈaje/,2,0.3333333333333333,0.5384615384615384,5,6
105,*/ʒˈuʃuʃ/,/ɡjˈuʒ/,5,1.25,1.5,5,4
106,*/spˈunz/,/spˈɨnz/,1,0.2,0.11538461538461539,5,5
107,*/ʒumˈateje/,/ʒumˈate/,2,0.3333333333333333,0.6153846153846154,8,6
108,*/stˈɨnə/,/stˈɨnə/,0,0.0,0.0,5,5
109,*/ʃtˈirə/,/ʃtˈirə/,0,0.0,0.0,5,5
110,*/strˈatuʃ/,/strˈat/,2,0.4,1.7692307692307692,7,5
111,*/strˈunɡə/,/strˈunɡə/,0,0.0,0.0,7,7
112,*/ʃəpe̯ˈarərə/,/ʃopˈɨrlə/,5,0.7142857142857143,1.1346153846153846,9,7
113,*/ne?1̯pe̯ˈartəkə/,/nəpˈɨrkə/,6,0.8571428571428571,2.1923076923076925,11,7
114,*/strˈep/,/strˈep/,0,0.0,0.0,5,5
115,*/nˈeɡje/,/nˈeɡuɾə/,3,0.5,1.0,5,6
116,*/ˈawluʃ/,/ˈabur/,3,0.75,1.1153846153846154,5,4
117,*/ləpˈuʃuʃ/,/ləpˈuʃ/,2,0.4,1.8076923076923077,7,5
118,*/lbˈurdə/,/leˈurdə/,1,0.16666666666666666,0.34615384615384615,6,6